Flag,Area,Population,Iso,Country,Capital,Continent,Tld,Code,Name,Phone,Format,Regex,Languages,Neighbours,Time_stamp
"""/places/static/images/flags/af.png""",647500 square kilometres,29121286,AF,Afghanistan,Kabul,"<a href=""/places/default/continent/AS"">AS</a>",.af,AFN,Afghani,93,,,"fa-AF,ps,uz-AF,tk","<div><a href=""/places/default/iso/TM"">TM </a><a href=""/places/default/iso/CN"">CN </a><a href=""/places/default/iso/IR"">IR </a><a href=""/places/default/iso/TJ"">TJ </a><a href=""/places/default/iso/PK"">PK </a><a href=""/places/default/iso/UZ"">UZ </a></div>",6/9/2022 18:27
"""/places/static/images/flags/ax.png""",1580 square kilometres,26711,AX,Aland Islands,Mariehamn,"<a href=""/places/default/continent/EU"">EU</a>",.ax,EUR,Euro,+358-18,#####,^(?:FI)*(\d{5})$,sv-AX,"<div><a href=""/places/default/iso//""> </a></div>",6/9/2022 18:27
"""/places/static/images/flags/al.png""",28748 square kilometres,2986952,AL,Albania,Tirana,"<a href=""/places/default/continent/EU"">EU</a>",.al,ALL,Lek,355,,,"sq,el","<div><a href=""/places/default/iso/MK"">MK </a><a href=""/places/default/iso/GR"">GR </a><a href=""/places/default/iso/CS"">CS </a><a href=""/places/default/iso/ME"">ME </a><a href=""/places/default/iso/RS"">RS </a><a href=""/places/default/iso/XK"">XK </a></div>",6/9/2022 18:27
"""/places/static/images/flags/dz.png""",2381740 square kilometres,34586184,DZ,Algeria,Algiers,"<a href=""/places/default/continent/AF"">AF</a>",.dz,DZD,Dinar,213,#####,^(\d{5})$,ar-DZ,"<div><a href=""/places/default/iso/NE"">NE </a><a href=""/places/default/iso/EH"">EH </a><a href=""/places/default/iso/LY"">LY </a><a href=""/places/default/iso/MR"">MR </a><a href=""/places/default/iso/TN"">TN </a><a href=""/places/default/iso/MA"">MA </a><a href=""/places/default/iso/ML"">ML </a></div>",6/9/2022 18:27
"""/places/static/images/flags/as.png""",199 square kilometres,57881,AS,American Samoa,Pago Pago,"<a href=""/places/default/continent/OC"">OC</a>",.as,USD,Dollar,+1-684,,,"en-AS,sm,to","<div><a href=""/places/default/iso//""> </a></div>",6/9/2022 18:27
"""/places/static/images/flags/ad.png""",468 square kilometres,84000,AD,Andorra,Andorra la Vella,"<a href=""/places/default/continent/EU"">EU</a>",.ad,EUR,Euro,376,AD###,^(?:AD)*(\d{3})$,ca,"<div><a href=""/places/default/iso/ES"">ES </a><a href=""/places/default/iso/FR"">FR </a></div>",6/9/2022 18:27
"""/places/static/images/flags/ao.png""",1246700 square kilometres,13068161,AO,Angola,Luanda,"<a href=""/places/default/continent/AF"">AF</a>",.ao,AOA,Kwanza,244,,,pt-AO,"<div><a href=""/places/default/iso/CD"">CD </a><a href=""/places/default/iso/NA"">NA </a><a href=""/places/default/iso/ZM"">ZM </a><a href=""/places/default/iso/CG"">CG </a></div>",6/9/2022 18:27
"""/places/static/images/flags/ai.png""",102 square kilometres,13254,AI,Anguilla,The Valley,"<a href=""/places/default/continent/NA"">NA</a>",.ai,XCD,Dollar,+1-264,,,en-AI,"<div><a href=""/places/default/iso//""> </a></div>",6/9/2022 18:27
"""/places/static/images/flags/aq.png""",14000000 square kilometres,0,AQ,Antarctica,,"<a href=""/places/default/continent/AN"">AN</a>",.aq,,,,,,,"<div><a href=""/places/default/iso//""> </a></div>",6/9/2022 18:27
"""/places/static/images/flags/ag.png""",443 square kilometres,86754,AG,Antigua and Barbuda,St. John's,"<a href=""/places/default/continent/NA"">NA</a>",.ag,XCD,Dollar,+1-268,,,en-AG,"<div><a href=""/places/default/iso//""> </a></div>",6/9/2022 18:27
"""/places/static/images/flags/ar.png""",2766890 square kilometres,41343201,AR,Argentina,Buenos Aires,"<a href=""/places/default/continent/SA"">SA</a>",.ar,ARS,Peso,54,@####@@@,^([A-Z]\d{4}[A-Z]{3})$,"es-AR,en,it,de,fr,gn","<div><a href=""/places/default/iso/CL"">CL </a><a href=""/places/default/iso/BO"">BO </a><a href=""/places/default/iso/UY"">UY </a><a href=""/places/default/iso/PY"">PY </a><a href=""/places/default/iso/BR"">BR </a></div>",6/9/2022 18:27
"""/places/static/images/flags/am.png""",29800 square kilometres,2968000,AM,Armenia,Yerevan,"<a href=""/places/default/continent/AS"">AS</a>",.am,AMD,Dram,374,######,^(\d{6})$,hy,"<div><a href=""/places/default/iso/GE"">GE </a><a href=""/places/default/iso/IR"">IR </a><a href=""/places/default/iso/AZ"">AZ </a><a href=""/places/default/iso/TR"">TR </a></div>",6/9/2022 18:27
"""/places/static/images/flags/aw.png""",193 square kilometres,71566,AW,Aruba,Oranjestad,"<a href=""/places/default/continent/NA"">NA</a>",.aw,AWG,Guilder,297,,,"nl-AW,es,en","<div><a href=""/places/default/iso//""> </a></div>",6/9/2022 18:27
"""/places/static/images/flags/au.png""",7686850 square kilometres,21515754,AU,Australia,Canberra,"<a href=""/places/default/continent/OC"">OC</a>",.au,AUD,Dollar,61,####,^(\d{4})$,en-AU,"<div><a href=""/places/default/iso//""> </a></div>",6/9/2022 18:27
"""/places/static/images/flags/at.png""",83858 square kilometres,8205000,AT,Austria,Vienna,"<a href=""/places/default/continent/EU"">EU</a>",.at,EUR,Euro,43,####,^(\d{4})$,"de-AT,hr,hu,sl","<div><a href=""/places/default/iso/CH"">CH </a><a href=""/places/default/iso/DE"">DE </a><a href=""/places/default/iso/HU"">HU </a><a href=""/places/default/iso/SK"">SK </a><a href=""/places/default/iso/CZ"">CZ </a><a href=""/places/default/iso/IT"">IT </a><a href=""/places/default/iso/SI"">SI </a><a href=""/places/default/iso/LI"">LI </a></div>",6/9/2022 18:27
"""/places/static/images/flags/az.png""",86600 square kilometres,8303512,AZ,Azerbaijan,Baku,"<a href=""/places/default/continent/AS"">AS</a>",.az,AZN,Manat,994,AZ ####,^(?:AZ)*(\d{4})$,"az,ru,hy","<div><a href=""/places/default/iso/GE"">GE </a><a href=""/places/default/iso/IR"">IR </a><a href=""/places/default/iso/AM"">AM </a><a href=""/places/default/iso/TR"">TR </a><a href=""/places/default/iso/RU"">RU </a></div>",6/9/2022 18:27
"""/places/static/images/flags/bs.png""",13940 square kilometres,301790,BS,Bahamas,Nassau,"<a href=""/places/default/continent/NA"">NA</a>",.bs,BSD,Dollar,+1-242,,,en-BS,"<div><a href=""/places/default/iso//""> </a></div>",6/9/2022 18:27
"""/places/static/images/flags/bh.png""",665 square kilometres,738004,BH,Bahrain,Manama,"<a href=""/places/default/continent/AS"">AS</a>",.bh,BHD,Dinar,973,####|###,^(\d{3}\d?)$,"ar-BH,en,fa,ur","<div><a href=""/places/default/iso//""> </a></div>",6/9/2022 18:27
"""/places/static/images/flags/bd.png""",144000 square kilometres,156118464,BD,Bangladesh,Dhaka,"<a href=""/places/default/continent/AS"">AS</a>",.bd,BDT,Taka,880,####,^(\d{4})$,"bn-BD,en","<div><a href=""/places/default/iso/MM"">MM </a><a href=""/places/default/iso/IN"">IN </a></div>",6/9/2022 18:27
"""/places/static/images/flags/bb.png""",431 square kilometres,285653,BB,Barbados,Bridgetown,"<a href=""/places/default/continent/NA"">NA</a>",.bb,BBD,Dollar,+1-246,BB#####,^(?:BB)*(\d{5})$,en-BB,"<div><a href=""/places/default/iso//""> </a></div>",6/9/2022 18:27
"""/places/static/images/flags/by.png""",207600 square kilometres,9685000,BY,Belarus,Minsk,"<a href=""/places/default/continent/EU"">EU</a>",.by,BYR,Ruble,375,######,^(\d{6})$,"be,ru","<div><a href=""/places/default/iso/PL"">PL </a><a href=""/places/default/iso/LT"">LT </a><a href=""/places/default/iso/UA"">UA </a><a href=""/places/default/iso/RU"">RU </a><a href=""/places/default/iso/LV"">LV </a></div>",6/9/2022 18:27
"""/places/static/images/flags/be.png""",30510 square kilometres,10403000,BE,Belgium,Brussels,"<a href=""/places/default/continent/EU"">EU</a>",.be,EUR,Euro,32,####,^(\d{4})$,"nl-BE,fr-BE,de-BE","<div><a href=""/places/default/iso/DE"">DE </a><a href=""/places/default/iso/NL"">NL </a><a href=""/places/default/iso/LU"">LU </a><a href=""/places/default/iso/FR"">FR </a></div>",6/9/2022 18:27
"""/places/static/images/flags/bz.png""",22966 square kilometres,314522,BZ,Belize,Belmopan,"<a href=""/places/default/continent/NA"">NA</a>",.bz,BZD,Dollar,501,,,"en-BZ,es","<div><a href=""/places/default/iso/GT"">GT </a><a href=""/places/default/iso/MX"">MX </a></div>",6/9/2022 18:27
"""/places/static/images/flags/bj.png""",112620 square kilometres,9056010,BJ,Benin,Porto-Novo,"<a href=""/places/default/continent/AF"">AF</a>",.bj,XOF,Franc,229,,,fr-BJ,"<div><a href=""/places/default/iso/NE"">NE </a><a href=""/places/default/iso/TG"">TG </a><a href=""/places/default/iso/BF"">BF </a><a href=""/places/default/iso/NG"">NG </a></div>",6/9/2022 18:27
"""/places/static/images/flags/bm.png""",53 square kilometres,65365,BM,Bermuda,Hamilton,"<a href=""/places/default/continent/NA"">NA</a>",.bm,BMD,Dollar,+1-441,@@ ##,^([A-Z]{2}\d{2})$,"en-BM,pt","<div><a href=""/places/default/iso//""> </a></div>",6/9/2022 18:27
"""/places/static/images/flags/bt.png""",47000 square kilometres,699847,BT,Bhutan,Thimphu,"<a href=""/places/default/continent/AS"">AS</a>",.bt,BTN,Ngultrum,975,,,dz,"<div><a href=""/places/default/iso/CN"">CN </a><a href=""/places/default/iso/IN"">IN </a></div>",6/9/2022 18:27
"""/places/static/images/flags/bo.png""",1098580 square kilometres,9947418,BO,Bolivia,Sucre,"<a href=""/places/default/continent/SA"">SA</a>",.bo,BOB,Boliviano,591,,,"es-BO,qu,ay","<div><a href=""/places/default/iso/PE"">PE </a><a href=""/places/default/iso/CL"">CL </a><a href=""/places/default/iso/PY"">PY </a><a href=""/places/default/iso/BR"">BR </a><a href=""/places/default/iso/AR"">AR </a></div>",6/9/2022 18:27
"""/places/static/images/flags/bq.png""",328 square kilometres,18012,BQ,"Bonaire, Saint Eustatius and Saba",,"<a href=""/places/default/continent/NA"">NA</a>",.bq,USD,Dollar,599,,,"nl,pap,en","<div><a href=""/places/default/iso//""> </a></div>",6/9/2022 18:27
"""/places/static/images/flags/ba.png""",51129 square kilometres,4590000,BA,Bosnia and Herzegovina,Sarajevo,"<a href=""/places/default/continent/EU"">EU</a>",.ba,BAM,Marka,387,#####,^(\d{5})$,"bs,hr-BA,sr-BA","<div><a href=""/places/default/iso/CS"">CS </a><a href=""/places/default/iso/HR"">HR </a><a href=""/places/default/iso/ME"">ME </a><a href=""/places/default/iso/RS"">RS </a></div>",6/9/2022 18:27
"""/places/static/images/flags/bw.png""",600370 square kilometres,2029307,BW,Botswana,Gaborone,"<a href=""/places/default/continent/AF"">AF</a>",.bw,BWP,Pula,267,,,"en-BW,tn-BW","<div><a href=""/places/default/iso/ZW"">ZW </a><a href=""/places/default/iso/ZA"">ZA </a><a href=""/places/default/iso/NA"">NA </a></div>",6/9/2022 18:27
"""/places/static/images/flags/bv.png""",49 square kilometres,0,BV,Bouvet Island,,"<a href=""/places/default/continent/AN"">AN</a>",.bv,NOK,Krone,,,,,"<div><a href=""/places/default/iso//""> </a></div>",6/9/2022 18:27
"""/places/static/images/flags/br.png""",8511965 square kilometres,201103330,BR,Brazil,Brasilia,"<a href=""/places/default/continent/SA"">SA</a>",.br,BRL,Real,55,#####-###,^(\d{8})$,"pt-BR,es,en,fr","<div><a href=""/places/default/iso/SR"">SR </a><a href=""/places/default/iso/PE"">PE </a><a href=""/places/default/iso/BO"">BO </a><a href=""/places/default/iso/UY"">UY </a><a href=""/places/default/iso/GY"">GY </a><a href=""/places/default/iso/PY"">PY </a><a href=""/places/default/iso/GF"">GF </a><a href=""/places/default/iso/VE"">VE </a><a href=""/places/default/iso/CO"">CO </a><a href=""/places/default/iso/AR"">AR </a></div>",6/9/2022 18:27
"""/places/static/images/flags/io.png""",60 square kilometres,4000,IO,British Indian Ocean Territory,Diego Garcia,"<a href=""/places/default/continent/AS"">AS</a>",.io,USD,Dollar,246,,,en-IO,"<div><a href=""/places/default/iso//""> </a></div>",6/9/2022 18:27
"""/places/static/images/flags/vg.png""",153 square kilometres,21730,VG,British Virgin Islands,Road Town,"<a href=""/places/default/continent/NA"">NA</a>",.vg,USD,Dollar,+1-284,,,en-VG,"<div><a href=""/places/default/iso//""> </a></div>",6/9/2022 18:27
"""/places/static/images/flags/bn.png""",5770 square kilometres,395027,BN,Brunei,Bandar Seri Begawan,"<a href=""/places/default/continent/AS"">AS</a>",.bn,BND,Dollar,673,@@####,^([A-Z]{2}\d{4})$,"ms-BN,en-BN","<div><a href=""/places/default/iso/MY"">MY </a></div>",6/9/2022 18:27
"""/places/static/images/flags/bg.png""",110910 square kilometres,7148785,BG,Bulgaria,Sofia,"<a href=""/places/default/continent/EU"">EU</a>",.bg,BGN,Lev,359,####,^(\d{4})$,"bg,tr-BG","<div><a href=""/places/default/iso/MK"">MK </a><a href=""/places/default/iso/GR"">GR </a><a href=""/places/default/iso/RO"">RO </a><a href=""/places/default/iso/CS"">CS </a><a href=""/places/default/iso/TR"">TR </a><a href=""/places/default/iso/RS"">RS </a></div>",6/9/2022 18:27
"""/places/static/images/flags/bf.png""",274200 square kilometres,16241811,BF,Burkina Faso,Ouagadougou,"<a href=""/places/default/continent/AF"">AF</a>",.bf,XOF,Franc,226,,,fr-BF,"<div><a href=""/places/default/iso/NE"">NE </a><a href=""/places/default/iso/BJ"">BJ </a><a href=""/places/default/iso/GH"">GH </a><a href=""/places/default/iso/CI"">CI </a><a href=""/places/default/iso/TG"">TG </a><a href=""/places/default/iso/ML"">ML </a></div>",6/9/2022 18:27
"""/places/static/images/flags/bi.png""",27830 square kilometres,9863117,BI,Burundi,Bujumbura,"<a href=""/places/default/continent/AF"">AF</a>",.bi,BIF,Franc,257,,,"fr-BI,rn","<div><a href=""/places/default/iso/TZ"">TZ </a><a href=""/places/default/iso/CD"">CD </a><a href=""/places/default/iso/RW"">RW </a></div>",6/9/2022 18:27
"""/places/static/images/flags/kh.png""",181040 square kilometres,14453680,KH,Cambodia,Phnom Penh,"<a href=""/places/default/continent/AS"">AS</a>",.kh,KHR,Riels,855,#####,^(\d{5})$,"km,fr,en","<div><a href=""/places/default/iso/LA"">LA </a><a href=""/places/default/iso/TH"">TH </a><a href=""/places/default/iso/VN"">VN </a></div>",6/9/2022 18:27
"""/places/static/images/flags/cm.png""",475440 square kilometres,19294149,CM,Cameroon,Yaounde,"<a href=""/places/default/continent/AF"">AF</a>",.cm,XAF,Franc,237,,,"en-CM,fr-CM","<div><a href=""/places/default/iso/TD"">TD </a><a href=""/places/default/iso/CF"">CF </a><a href=""/places/default/iso/GA"">GA </a><a href=""/places/default/iso/GQ"">GQ </a><a href=""/places/default/iso/CG"">CG </a><a href=""/places/default/iso/NG"">NG </a></div>",6/9/2022 18:27
"""/places/static/images/flags/ca.png""",9984670 square kilometres,33679000,CA,Canada,Ottawa,"<a href=""/places/default/continent/NA"">NA</a>",.ca,CAD,Dollar,1,@#@ #@#,^([ABCEGHJKLMNPRSTVXY]\d[ABCEGHJKLMNPRSTVWXYZ]) ?(\d[ABCEGHJKLMNPRSTVWXYZ]\d)$,"en-CA,fr-CA,iu","<div><a href=""/places/default/iso/US"">US </a></div>",6/9/2022 18:27
"""/places/static/images/flags/cv.png""",4033 square kilometres,508659,CV,Cape Verde,Praia,"<a href=""/places/default/continent/AF"">AF</a>",.cv,CVE,Escudo,238,####,^(\d{4})$,pt-CV,"<div><a href=""/places/default/iso//""> </a></div>",6/9/2022 18:27
"""/places/static/images/flags/ky.png""",262 square kilometres,44270,KY,Cayman Islands,George Town,"<a href=""/places/default/continent/NA"">NA</a>",.ky,KYD,Dollar,+1-345,,,en-KY,"<div><a href=""/places/default/iso//""> </a></div>",6/9/2022 18:27
"""/places/static/images/flags/cf.png""",622984 square kilometres,4844927,CF,Central African Republic,Bangui,"<a href=""/places/default/continent/AF"">AF</a>",.cf,XAF,Franc,236,,,"fr-CF,sg,ln,kg","<div><a href=""/places/default/iso/TD"">TD </a><a href=""/places/default/iso/SD"">SD </a><a href=""/places/default/iso/CD"">CD </a><a href=""/places/default/iso/SS"">SS </a><a href=""/places/default/iso/CM"">CM </a><a href=""/places/default/iso/CG"">CG </a></div>",6/9/2022 18:27
"""/places/static/images/flags/td.png""",1284000 square kilometres,10543464,TD,Chad,N'Djamena,"<a href=""/places/default/continent/AF"">AF</a>",.td,XAF,Franc,235,,,"fr-TD,ar-TD,sre","<div><a href=""/places/default/iso/NE"">NE </a><a href=""/places/default/iso/LY"">LY </a><a href=""/places/default/iso/CF"">CF </a><a href=""/places/default/iso/SD"">SD </a><a href=""/places/default/iso/CM"">CM </a><a href=""/places/default/iso/NG"">NG </a></div>",6/9/2022 18:27
"""/places/static/images/flags/cl.png""",756950 square kilometres,16746491,CL,Chile,Santiago,"<a href=""/places/default/continent/SA"">SA</a>",.cl,CLP,Peso,56,#######,^(\d{7})$,es-CL,"<div><a href=""/places/default/iso/PE"">PE </a><a href=""/places/default/iso/BO"">BO </a><a href=""/places/default/iso/AR"">AR </a></div>",6/9/2022 18:27
"""/places/static/images/flags/cn.png""",9596960 square kilometres,1330044000,CN,China,Beijing,"<a href=""/places/default/continent/AS"">AS</a>",.cn,CNY,Yuan Renminbi,86,######,^(\d{6})$,"zh-CN,yue,wuu,dta,ug,za","<div><a href=""/places/default/iso/LA"">LA </a><a href=""/places/default/iso/BT"">BT </a><a href=""/places/default/iso/TJ"">TJ </a><a href=""/places/default/iso/KZ"">KZ </a><a href=""/places/default/iso/MN"">MN </a><a href=""/places/default/iso/AF"">AF </a><a href=""/places/default/iso/NP"">NP </a><a href=""/places/default/iso/MM"">MM </a><a href=""/places/default/iso/KG"">KG </a><a href=""/places/default/iso/PK"">PK </a><a href=""/places/default/iso/KP"">KP </a><a href=""/places/default/iso/RU"">RU </a><a href=""/places/default/iso/VN"">VN </a><a href=""/places/default/iso/IN"">IN </a></div>",6/9/2022 18:27
"""/places/static/images/flags/cx.png""",135 square kilometres,1500,CX,Christmas Island,Flying Fish Cove,"<a href=""/places/default/continent/AS"">AS</a>",.cx,AUD,Dollar,61,####,^(\d{4})$,"en,zh,ms-CC","<div><a href=""/places/default/iso//""> </a></div>",6/9/2022 18:27
"""/places/static/images/flags/cc.png""",14 square kilometres,628,CC,Cocos Islands,West Island,"<a href=""/places/default/continent/AS"">AS</a>",.cc,AUD,Dollar,61,,,"ms-CC,en","<div><a href=""/places/default/iso//""> </a></div>",6/9/2022 18:27
"""/places/static/images/flags/co.png""",1138910 square kilometres,44205293,CO,Colombia,Bogota,"<a href=""/places/default/continent/SA"">SA</a>",.co,COP,Peso,57,,,es-CO,"<div><a href=""/places/default/iso/EC"">EC </a><a href=""/places/default/iso/PE"">PE </a><a href=""/places/default/iso/PA"">PA </a><a href=""/places/default/iso/BR"">BR </a><a href=""/places/default/iso/VE"">VE </a></div>",6/9/2022 18:27
"""/places/static/images/flags/km.png""",2170 square kilometres,773407,KM,Comoros,Moroni,"<a href=""/places/default/continent/AF"">AF</a>",.km,KMF,Franc,269,,,"ar,fr-KM","<div><a href=""/places/default/iso//""> </a></div>",6/9/2022 18:27
"""/places/static/images/flags/ck.png""",240 square kilometres,21388,CK,Cook Islands,Avarua,"<a href=""/places/default/continent/OC"">OC</a>",.ck,NZD,Dollar,682,,,"en-CK,mi","<div><a href=""/places/default/iso//""> </a></div>",6/9/2022 18:27
"""/places/static/images/flags/cr.png""",51100 square kilometres,4516220,CR,Costa Rica,San Jose,"<a href=""/places/default/continent/NA"">NA</a>",.cr,CRC,Colon,506,####,^(\d{4})$,"es-CR,en","<div><a href=""/places/default/iso/PA"">PA </a><a href=""/places/default/iso/NI"">NI </a></div>",6/9/2022 18:27
"""/places/static/images/flags/hr.png""",56542 square kilometres,4491000,HR,Croatia,Zagreb,"<a href=""/places/default/continent/EU"">EU</a>",.hr,HRK,Kuna,385,#####,^(?:HR)*(\d{5})$,"hr-HR,sr","<div><a href=""/places/default/iso/HU"">HU </a><a href=""/places/default/iso/SI"">SI </a><a href=""/places/default/iso/CS"">CS </a><a href=""/places/default/iso/BA"">BA </a><a href=""/places/default/iso/ME"">ME </a><a href=""/places/default/iso/RS"">RS </a></div>",6/9/2022 18:27
"""/places/static/images/flags/cu.png""",110860 square kilometres,11423000,CU,Cuba,Havana,"<a href=""/places/default/continent/NA"">NA</a>",.cu,CUP,Peso,53,CP #####,^(?:CP)*(\d{5})$,es-CU,"<div><a href=""/places/default/iso/US"">US </a></div>",6/9/2022 18:27
"""/places/static/images/flags/cw.png""",444 square kilometres,141766,CW,Curacao,Willemstad,"<a href=""/places/default/continent/NA"">NA</a>",.cw,ANG,Guilder,599,,,"nl,pap","<div><a href=""/places/default/iso//""> </a></div>",6/9/2022 18:27
"""/places/static/images/flags/cy.png""",9250 square kilometres,1102677,CY,Cyprus,Nicosia,"<a href=""/places/default/continent/EU"">EU</a>",.cy,EUR,Euro,357,####,^(\d{4})$,"el-CY,tr-CY,en","<div><a href=""/places/default/iso//""> </a></div>",6/9/2022 18:27
"""/places/static/images/flags/cz.png""",78866 square kilometres,10476000,CZ,Czech Republic,Prague,"<a href=""/places/default/continent/EU"">EU</a>",.cz,CZK,Koruna,420,### ##,^(\d{5})$,"cs,sk","<div><a href=""/places/default/iso/PL"">PL </a><a href=""/places/default/iso/DE"">DE </a><a href=""/places/default/iso/SK"">SK </a><a href=""/places/default/iso/AT"">AT </a></div>",6/9/2022 18:27
"""/places/static/images/flags/cd.png""",2345410 square kilometres,70916439,CD,Democratic Republic of the Congo,Kinshasa,"<a href=""/places/default/continent/AF"">AF</a>",.cd,CDF,Franc,243,,,"fr-CD,ln,kg","<div><a href=""/places/default/iso/TZ"">TZ </a><a href=""/places/default/iso/CF"">CF </a><a href=""/places/default/iso/SS"">SS </a><a href=""/places/default/iso/RW"">RW </a><a href=""/places/default/iso/ZM"">ZM </a><a href=""/places/default/iso/BI"">BI </a><a href=""/places/default/iso/UG"">UG </a><a href=""/places/default/iso/CG"">CG </a><a href=""/places/default/iso/AO"">AO </a></div>",6/9/2022 18:27
"""/places/static/images/flags/dk.png""",43094 square kilometres,5484000,DK,Denmark,Copenhagen,"<a href=""/places/default/continent/EU"">EU</a>",.dk,DKK,Krone,45,####,^(\d{4})$,"da-DK,en,fo,de-DK","<div><a href=""/places/default/iso/DE"">DE </a></div>",6/9/2022 18:27
"""/places/static/images/flags/dj.png""",23000 square kilometres,740528,DJ,Djibouti,Djibouti,"<a href=""/places/default/continent/AF"">AF</a>",.dj,DJF,Franc,253,,,"fr-DJ,ar,so-DJ,aa","<div><a href=""/places/default/iso/ER"">ER </a><a href=""/places/default/iso/ET"">ET </a><a href=""/places/default/iso/SO"">SO </a></div>",6/9/2022 18:27
"""/places/static/images/flags/dm.png""",754 square kilometres,72813,DM,Dominica,Roseau,"<a href=""/places/default/continent/NA"">NA</a>",.dm,XCD,Dollar,+1-767,,,en-DM,"<div><a href=""/places/default/iso//""> </a></div>",6/9/2022 18:27
"""/places/static/images/flags/do.png""",48730 square kilometres,9823821,DO,Dominican Republic,Santo Domingo,"<a href=""/places/default/continent/NA"">NA</a>",.do,DOP,Peso,+1-809 and 1-829,#####,^(\d{5})$,es-DO,"<div><a href=""/places/default/iso/HT"">HT </a></div>",6/9/2022 18:27
"""/places/static/images/flags/tl.png""",15007 square kilometres,1154625,TL,East Timor,Dili,"<a href=""/places/default/continent/OC"">OC</a>",.tl,USD,Dollar,670,,,"tet,pt-TL,id,en","<div><a href=""/places/default/iso/ID"">ID </a></div>",6/9/2022 18:27
"""/places/static/images/flags/ec.png""",283560 square kilometres,14790608,EC,Ecuador,Quito,"<a href=""/places/default/continent/SA"">SA</a>",.ec,USD,Dollar,593,@####@,^([a-zA-Z]\d{4}[a-zA-Z])$,es-EC,"<div><a href=""/places/default/iso/PE"">PE </a><a href=""/places/default/iso/CO"">CO </a></div>",6/9/2022 18:27
"""/places/static/images/flags/eg.png""",1001450 square kilometres,80471869,EG,Egypt,Cairo,"<a href=""/places/default/continent/AF"">AF</a>",.eg,EGP,Pound,20,#####,^(\d{5})$,"ar-EG,en,fr","<div><a href=""/places/default/iso/LY"">LY </a><a href=""/places/default/iso/SD"">SD </a><a href=""/places/default/iso/IL"">IL </a></div>",6/9/2022 18:27
"""/places/static/images/flags/sv.png""",21040 square kilometres,6052064,SV,El Salvador,San Salvador,"<a href=""/places/default/continent/NA"">NA</a>",.sv,USD,Dollar,503,CP ####,^(?:CP)*(\d{4})$,es-SV,"<div><a href=""/places/default/iso/GT"">GT </a><a href=""/places/default/iso/HN"">HN </a></div>",6/9/2022 18:27
"""/places/static/images/flags/gq.png""",28051 square kilometres,1014999,GQ,Equatorial Guinea,Malabo,"<a href=""/places/default/continent/AF"">AF</a>",.gq,XAF,Franc,240,,,"es-GQ,fr","<div><a href=""/places/default/iso/GA"">GA </a><a href=""/places/default/iso/CM"">CM </a></div>",6/9/2022 18:27
"""/places/static/images/flags/er.png""",121320 square kilometres,5792984,ER,Eritrea,Asmara,"<a href=""/places/default/continent/AF"">AF</a>",.er,ERN,Nakfa,291,,,"aa-ER,ar,tig,kun,ti-ER","<div><a href=""/places/default/iso/ET"">ET </a><a href=""/places/default/iso/SD"">SD </a><a href=""/places/default/iso/DJ"">DJ </a></div>",6/9/2022 18:27
"""/places/static/images/flags/ee.png""",45226 square kilometres,1291170,EE,Estonia,Tallinn,"<a href=""/places/default/continent/EU"">EU</a>",.ee,EUR,Euro,372,#####,^(\d{5})$,"et,ru","<div><a href=""/places/default/iso/RU"">RU </a><a href=""/places/default/iso/LV"">LV </a></div>",6/9/2022 18:27
"""/places/static/images/flags/et.png""",1127127 square kilometres,88013491,ET,Ethiopia,Addis Ababa,"<a href=""/places/default/continent/AF"">AF</a>",.et,ETB,Birr,251,####,^(\d{4})$,"am,en-ET,om-ET,ti-ET,so-ET,sid","<div><a href=""/places/default/iso/ER"">ER </a><a href=""/places/default/iso/KE"">KE </a><a href=""/places/default/iso/SD"">SD </a><a href=""/places/default/iso/SS"">SS </a><a href=""/places/default/iso/SO"">SO </a><a href=""/places/default/iso/DJ"">DJ </a></div>",6/9/2022 18:27
"""/places/static/images/flags/fk.png""",12173 square kilometres,2638,FK,Falkland Islands,Stanley,"<a href=""/places/default/continent/SA"">SA</a>",.fk,FKP,Pound,500,,,en-FK,"<div><a href=""/places/default/iso//""> </a></div>",6/9/2022 18:27
"""/places/static/images/flags/fo.png""",1399 square kilometres,48228,FO,Faroe Islands,Torshavn,"<a href=""/places/default/continent/EU"">EU</a>",.fo,DKK,Krone,298,FO-###,^(?:FO)*(\d{3})$,"fo,da-FO","<div><a href=""/places/default/iso//""> </a></div>",6/9/2022 18:27
"""/places/static/images/flags/fj.png""",18270 square kilometres,875983,FJ,Fiji,Suva,"<a href=""/places/default/continent/OC"">OC</a>",.fj,FJD,Dollar,679,,,"en-FJ,fj","<div><a href=""/places/default/iso//""> </a></div>",6/9/2022 18:27
"""/places/static/images/flags/fi.png""",337030 square kilometres,5244000,FI,Finland,Helsinki,"<a href=""/places/default/continent/EU"">EU</a>",.fi,EUR,Euro,358,#####,^(?:FI)*(\d{5})$,"fi-FI,sv-FI,smn","<div><a href=""/places/default/iso/NO"">NO </a><a href=""/places/default/iso/RU"">RU </a><a href=""/places/default/iso/SE"">SE </a></div>",6/9/2022 18:27
"""/places/static/images/flags/fr.png""",547030 square kilometres,64768389,FR,France,Paris,"<a href=""/places/default/continent/EU"">EU</a>",.fr,EUR,Euro,33,#####,^(\d{5})$,"fr-FR,frp,br,co,ca,eu,oc","<div><a href=""/places/default/iso/CH"">CH </a><a href=""/places/default/iso/DE"">DE </a><a href=""/places/default/iso/BE"">BE </a><a href=""/places/default/iso/LU"">LU </a><a href=""/places/default/iso/IT"">IT </a><a href=""/places/default/iso/AD"">AD </a><a href=""/places/default/iso/MC"">MC </a><a href=""/places/default/iso/ES"">ES </a></div>",6/9/2022 18:27
"""/places/static/images/flags/gf.png""",91000 square kilometres,195506,GF,French Guiana,Cayenne,"<a href=""/places/default/continent/SA"">SA</a>",.gf,EUR,Euro,594,#####,^((97|98)3\d{2})$,fr-GF,"<div><a href=""/places/default/iso/SR"">SR </a><a href=""/places/default/iso/BR"">BR </a></div>",6/9/2022 18:27
"""/places/static/images/flags/pf.png""",4167 square kilometres,270485,PF,French Polynesia,Papeete,"<a href=""/places/default/continent/OC"">OC</a>",.pf,XPF,Franc,689,#####,^((97|98)7\d{2})$,"fr-PF,ty","<div><a href=""/places/default/iso//""> </a></div>",6/9/2022 18:27
"""/places/static/images/flags/tf.png""",7829 square kilometres,140,TF,French Southern Territories,Port-aux-Francais,"<a href=""/places/default/continent/AN"">AN</a>",.tf,EUR,Euro,,,,fr,"<div><a href=""/places/default/iso//""> </a></div>",6/9/2022 18:27
"""/places/static/images/flags/ga.png""",267667 square kilometres,1545255,GA,Gabon,Libreville,"<a href=""/places/default/continent/AF"">AF</a>",.ga,XAF,Franc,241,,,fr-GA,"<div><a href=""/places/default/iso/CM"">CM </a><a href=""/places/default/iso/GQ"">GQ </a><a href=""/places/default/iso/CG"">CG </a></div>",6/9/2022 18:27
"""/places/static/images/flags/gm.png""",11300 square kilometres,1593256,GM,Gambia,Banjul,"<a href=""/places/default/continent/AF"">AF</a>",.gm,GMD,Dalasi,220,,,"en-GM,mnk,wof,wo,ff","<div><a href=""/places/default/iso/SN"">SN </a></div>",6/9/2022 18:27
"""/places/static/images/flags/ge.png""",69700 square kilometres,4630000,GE,Georgia,Tbilisi,"<a href=""/places/default/continent/AS"">AS</a>",.ge,GEL,Lari,995,####,^(\d{4})$,"ka,ru,hy,az","<div><a href=""/places/default/iso/AM"">AM </a><a href=""/places/default/iso/AZ"">AZ </a><a href=""/places/default/iso/TR"">TR </a><a href=""/places/default/iso/RU"">RU </a></div>",6/9/2022 18:27
"""/places/static/images/flags/de.png""",357021 square kilometres,81802257,DE,Germany,Berlin,"<a href=""/places/default/continent/EU"">EU</a>",.de,EUR,Euro,49,#####,^(\d{5})$,de,"<div><a href=""/places/default/iso/CH"">CH </a><a href=""/places/default/iso/PL"">PL </a><a href=""/places/default/iso/NL"">NL </a><a href=""/places/default/iso/DK"">DK </a><a href=""/places/default/iso/BE"">BE </a><a href=""/places/default/iso/CZ"">CZ </a><a href=""/places/default/iso/LU"">LU </a><a href=""/places/default/iso/FR"">FR </a><a href=""/places/default/iso/AT"">AT </a></div>",6/9/2022 18:27
"""/places/static/images/flags/gh.png""",239460 square kilometres,24339838,GH,Ghana,Accra,"<a href=""/places/default/continent/AF"">AF</a>",.gh,GHS,Cedi,233,,,"en-GH,ak,ee,tw","<div><a href=""/places/default/iso/CI"">CI </a><a href=""/places/default/iso/TG"">TG </a><a href=""/places/default/iso/BF"">BF </a></div>",6/9/2022 18:27
"""/places/static/images/flags/gi.png""",6 square kilometres,27884,GI,Gibraltar,Gibraltar,"<a href=""/places/default/continent/EU"">EU</a>",.gi,GIP,Pound,350,,,"en-GI,es,it,pt","<div><a href=""/places/default/iso/ES"">ES </a></div>",6/9/2022 18:27
"""/places/static/images/flags/gr.png""",131940 square kilometres,11000000,GR,Greece,Athens,"<a href=""/places/default/continent/EU"">EU</a>",.gr,EUR,Euro,30,### ##,^(\d{5})$,"el-GR,en,fr","<div><a href=""/places/default/iso/AL"">AL </a><a href=""/places/default/iso/MK"">MK </a><a href=""/places/default/iso/TR"">TR </a><a href=""/places/default/iso/BG"">BG </a></div>",6/9/2022 18:27
"""/places/static/images/flags/gl.png""",2166086 square kilometres,56375,GL,Greenland,Nuuk,"<a href=""/places/default/continent/NA"">NA</a>",.gl,DKK,Krone,299,####,^(\d{4})$,"kl,da-GL,en","<div><a href=""/places/default/iso//""> </a></div>",6/9/2022 18:27
"""/places/static/images/flags/gd.png""",344 square kilometres,107818,GD,Grenada,St. George's,"<a href=""/places/default/continent/NA"">NA</a>",.gd,XCD,Dollar,+1-473,,,en-GD,"<div><a href=""/places/default/iso//""> </a></div>",6/9/2022 18:27
"""/places/static/images/flags/gp.png""",1780 square kilometres,443000,GP,Guadeloupe,Basse-Terre,"<a href=""/places/default/continent/NA"">NA</a>",.gp,EUR,Euro,590,#####,^((97|98)\d{3})$,fr-GP,"<div><a href=""/places/default/iso/AN"">AN </a></div>",6/9/2022 18:27
"""/places/static/images/flags/gu.png""",549 square kilometres,159358,GU,Guam,Hagatna,"<a href=""/places/default/continent/OC"">OC</a>",.gu,USD,Dollar,+1-671,969##,^(969\d{2})$,"en-GU,ch-GU","<div><a href=""/places/default/iso//""> </a></div>",6/9/2022 18:27
"""/places/static/images/flags/gt.png""",108890 square kilometres,13550440,GT,Guatemala,Guatemala City,"<a href=""/places/default/continent/NA"">NA</a>",.gt,GTQ,Quetzal,502,#####,^(\d{5})$,es-GT,"<div><a href=""/places/default/iso/MX"">MX </a><a href=""/places/default/iso/HN"">HN </a><a href=""/places/default/iso/BZ"">BZ </a><a href=""/places/default/iso/SV"">SV </a></div>",6/9/2022 18:27
"""/places/static/images/flags/gg.png""",78 square kilometres,65228,GG,Guernsey,St Peter Port,"<a href=""/places/default/continent/EU"">EU</a>",.gg,GBP,Pound,+44-1481,@# #@@|@## #@@|@@# #@@|@@## #@@|@#@ #@@|@@#@ #@@|GIR0AA,^(([A-Z]\d{2}[A-Z]{2})|([A-Z]\d{3}[A-Z]{2})|([A-Z]{2}\d{2}[A-Z]{2})|([A-Z]{2}\d{3}[A-Z]{2})|([A-Z]\d[A-Z]\d[A-Z]{2})|([A-Z]{2}\d[A-Z]\d[A-Z]{2})|(GIR0AA))$,"en,fr","<div><a href=""/places/default/iso//""> </a></div>",6/9/2022 18:27
"""/places/static/images/flags/gn.png""",245857 square kilometres,10324025,GN,Guinea,Conakry,"<a href=""/places/default/continent/AF"">AF</a>",.gn,GNF,Franc,224,,,fr-GN,"<div><a href=""/places/default/iso/LR"">LR </a><a href=""/places/default/iso/SN"">SN </a><a href=""/places/default/iso/SL"">SL </a><a href=""/places/default/iso/CI"">CI </a><a href=""/places/default/iso/GW"">GW </a><a href=""/places/default/iso/ML"">ML </a></div>",6/9/2022 18:27
"""/places/static/images/flags/gw.png""",36120 square kilometres,1565126,GW,Guinea-Bissau,Bissau,"<a href=""/places/default/continent/AF"">AF</a>",.gw,XOF,Franc,245,####,^(\d{4})$,"pt-GW,pov","<div><a href=""/places/default/iso/SN"">SN </a><a href=""/places/default/iso/GN"">GN </a></div>",6/9/2022 18:27
"""/places/static/images/flags/gy.png""",214970 square kilometres,748486,GY,Guyana,Georgetown,"<a href=""/places/default/continent/SA"">SA</a>",.gy,GYD,Dollar,592,,,en-GY,"<div><a href=""/places/default/iso/SR"">SR </a><a href=""/places/default/iso/BR"">BR </a><a href=""/places/default/iso/VE"">VE </a></div>",6/9/2022 18:27
"""/places/static/images/flags/ht.png""",27750 square kilometres,9648924,HT,Haiti,Port-au-Prince,"<a href=""/places/default/continent/NA"">NA</a>",.ht,HTG,Gourde,509,HT####,^(?:HT)*(\d{4})$,"ht,fr-HT","<div><a href=""/places/default/iso/DO"">DO </a></div>",6/9/2022 18:27
"""/places/static/images/flags/hm.png""",412 square kilometres,0,HM,Heard Island and McDonald Islands,,"<a href=""/places/default/continent/AN"">AN</a>",.hm,AUD,Dollar,,,,,"<div><a href=""/places/default/iso//""> </a></div>",6/9/2022 18:27
"""/places/static/images/flags/hn.png""",112090 square kilometres,7989415,HN,Honduras,Tegucigalpa,"<a href=""/places/default/continent/NA"">NA</a>",.hn,HNL,Lempira,504,@@####,^([A-Z]{2}\d{4})$,es-HN,"<div><a href=""/places/default/iso/GT"">GT </a><a href=""/places/default/iso/NI"">NI </a><a href=""/places/default/iso/SV"">SV </a></div>",6/9/2022 18:27
"""/places/static/images/flags/hk.png""",1092 square kilometres,6898686,HK,Hong Kong,Hong Kong,"<a href=""/places/default/continent/AS"">AS</a>",.hk,HKD,Dollar,852,,,"zh-HK,yue,zh,en","<div><a href=""/places/default/iso//""> </a></div>",6/9/2022 18:27
"""/places/static/images/flags/hu.png""",93030 square kilometres,9982000,HU,Hungary,Budapest,"<a href=""/places/default/continent/EU"">EU</a>",.hu,HUF,Forint,36,####,^(\d{4})$,hu-HU,"<div><a href=""/places/default/iso/SK"">SK </a><a href=""/places/default/iso/SI"">SI </a><a href=""/places/default/iso/RO"">RO </a><a href=""/places/default/iso/UA"">UA </a><a href=""/places/default/iso/CS"">CS </a><a href=""/places/default/iso/HR"">HR </a><a href=""/places/default/iso/AT"">AT </a><a href=""/places/default/iso/RS"">RS </a></div>",6/9/2022 18:27
"""/places/static/images/flags/is.png""",103000 square kilometres,308910,IS,Iceland,Reykjavik,"<a href=""/places/default/continent/EU"">EU</a>",.is,ISK,Krona,354,###,^(\d{3})$,"is,en,de,da,sv,no","<div><a href=""/places/default/iso//""> </a></div>",6/9/2022 18:27
"""/places/static/images/flags/in.png""",3287590 square kilometres,1173108018,IN,India,New Delhi,"<a href=""/places/default/continent/AS"">AS</a>",.in,INR,Rupee,91,######,^(\d{6})$,"en-IN,hi,bn,te,mr,ta,ur,gu,kn,ml,or,pa,as,bh,sat,ks,ne,sd,kok,doi,mni,sit,sa,fr,lus,inc","<div><a href=""/places/default/iso/CN"">CN </a><a href=""/places/default/iso/NP"">NP </a><a href=""/places/default/iso/MM"">MM </a><a href=""/places/default/iso/BT"">BT </a><a href=""/places/default/iso/PK"">PK </a><a href=""/places/default/iso/BD"">BD </a></div>",6/9/2022 18:27
"""/places/static/images/flags/id.png""",1919440 square kilometres,242968342,ID,Indonesia,Jakarta,"<a href=""/places/default/continent/AS"">AS</a>",.id,IDR,Rupiah,62,#####,^(\d{5})$,"id,en,nl,jv","<div><a href=""/places/default/iso/PG"">PG </a><a href=""/places/default/iso/TL"">TL </a><a href=""/places/default/iso/MY"">MY </a></div>",6/9/2022 18:27
"""/places/static/images/flags/ir.png""",1648000 square kilometres,76923300,IR,Iran,Tehran,"<a href=""/places/default/continent/AS"">AS</a>",.ir,IRR,Rial,98,##########,^(\d{10})$,"fa-IR,ku","<div><a href=""/places/default/iso/TM"">TM </a><a href=""/places/default/iso/AF"">AF </a><a href=""/places/default/iso/IQ"">IQ </a><a href=""/places/default/iso/AM"">AM </a><a href=""/places/default/iso/PK"">PK </a><a href=""/places/default/iso/AZ"">AZ </a><a href=""/places/default/iso/TR"">TR </a></div>",6/9/2022 18:27
"""/places/static/images/flags/iq.png""",437072 square kilometres,29671605,IQ,Iraq,Baghdad,"<a href=""/places/default/continent/AS"">AS</a>",.iq,IQD,Dinar,964,#####,^(\d{5})$,"ar-IQ,ku,hy","<div><a href=""/places/default/iso/SY"">SY </a><a href=""/places/default/iso/SA"">SA </a><a href=""/places/default/iso/IR"">IR </a><a href=""/places/default/iso/JO"">JO </a><a href=""/places/default/iso/TR"">TR </a><a href=""/places/default/iso/KW"">KW </a></div>",6/9/2022 18:27
"""/places/static/images/flags/ie.png""",70280 square kilometres,4622917,IE,Ireland,Dublin,"<a href=""/places/default/continent/EU"">EU</a>",.ie,EUR,Euro,353,,,"en-IE,ga-IE","<div><a href=""/places/default/iso/GB"">GB </a></div>",6/9/2022 18:27
"""/places/static/images/flags/im.png""",572 square kilometres,75049,IM,Isle of Man,"Douglas, Isle of Man","<a href=""/places/default/continent/EU"">EU</a>",.im,GBP,Pound,+44-1624,@# #@@|@## #@@|@@# #@@|@@## #@@|@#@ #@@|@@#@ #@@|GIR0AA,^(([A-Z]\d{2}[A-Z]{2})|([A-Z]\d{3}[A-Z]{2})|([A-Z]{2}\d{2}[A-Z]{2})|([A-Z]{2}\d{3}[A-Z]{2})|([A-Z]\d[A-Z]\d[A-Z]{2})|([A-Z]{2}\d[A-Z]\d[A-Z]{2})|(GIR0AA))$,"en,gv","<div><a href=""/places/default/iso//""> </a></div>",6/9/2022 18:27
"""/places/static/images/flags/il.png""",20770 square kilometres,7353985,IL,Israel,Jerusalem,"<a href=""/places/default/continent/AS"">AS</a>",.il,ILS,Shekel,972,#####,^(\d{5})$,"he,ar-IL,en-IL,","<div><a href=""/places/default/iso/SY"">SY </a><a href=""/places/default/iso/JO"">JO </a><a href=""/places/default/iso/LB"">LB </a><a href=""/places/default/iso/EG"">EG </a><a href=""/places/default/iso/PS"">PS </a></div>",6/9/2022 18:27
"""/places/static/images/flags/it.png""",301230 square kilometres,60340328,IT,Italy,Rome,"<a href=""/places/default/continent/EU"">EU</a>",.it,EUR,Euro,39,#####,^(\d{5})$,"it-IT,de-IT,fr-IT,sc,ca,co,sl","<div><a href=""/places/default/iso/CH"">CH </a><a href=""/places/default/iso/VA"">VA </a><a href=""/places/default/iso/SI"">SI </a><a href=""/places/default/iso/SM"">SM </a><a href=""/places/default/iso/FR"">FR </a><a href=""/places/default/iso/AT"">AT </a></div>",6/9/2022 18:27
"""/places/static/images/flags/ci.png""",322460 square kilometres,21058798,CI,Ivory Coast,Yamoussoukro,"<a href=""/places/default/continent/AF"">AF</a>",.ci,XOF,Franc,225,,,fr-CI,"<div><a href=""/places/default/iso/LR"">LR </a><a href=""/places/default/iso/GH"">GH </a><a href=""/places/default/iso/GN"">GN </a><a href=""/places/default/iso/BF"">BF </a><a href=""/places/default/iso/ML"">ML </a></div>",6/9/2022 18:27
"""/places/static/images/flags/jm.png""",10991 square kilometres,2847232,JM,Jamaica,Kingston,"<a href=""/places/default/continent/NA"">NA</a>",.jm,JMD,Dollar,+1-876,,,en-JM,"<div><a href=""/places/default/iso//""> </a></div>",6/9/2022 18:27
"""/places/static/images/flags/jp.png""",377835 square kilometres,127288000,JP,Japan,Tokyo,"<a href=""/places/default/continent/AS"">AS</a>",.jp,JPY,Yen,81,###-####,^(\d{7})$,ja,"<div><a href=""/places/default/iso//""> </a></div>",6/9/2022 18:27
"""/places/static/images/flags/je.png""",116 square kilometres,90812,JE,Jersey,Saint Helier,"<a href=""/places/default/continent/EU"">EU</a>",.je,GBP,Pound,+44-1534,@# #@@|@## #@@|@@# #@@|@@## #@@|@#@ #@@|@@#@ #@@|GIR0AA,^(([A-Z]\d{2}[A-Z]{2})|([A-Z]\d{3}[A-Z]{2})|([A-Z]{2}\d{2}[A-Z]{2})|([A-Z]{2}\d{3}[A-Z]{2})|([A-Z]\d[A-Z]\d[A-Z]{2})|([A-Z]{2}\d[A-Z]\d[A-Z]{2})|(GIR0AA))$,"en,pt","<div><a href=""/places/default/iso//""> </a></div>",6/9/2022 18:27
"""/places/static/images/flags/jo.png""",92300 square kilometres,6407085,JO,Jordan,Amman,"<a href=""/places/default/continent/AS"">AS</a>",.jo,JOD,Dinar,962,#####,^(\d{5})$,"ar-JO,en","<div><a href=""/places/default/iso/SY"">SY </a><a href=""/places/default/iso/SA"">SA </a><a href=""/places/default/iso/IQ"">IQ </a><a href=""/places/default/iso/IL"">IL </a><a href=""/places/default/iso/PS"">PS </a></div>",6/9/2022 18:27
"""/places/static/images/flags/kz.png""",2717300 square kilometres,15340000,KZ,Kazakhstan,Astana,"<a href=""/places/default/continent/AS"">AS</a>",.kz,KZT,Tenge,7,######,^(\d{6})$,"kk,ru","<div><a href=""/places/default/iso/TM"">TM </a><a href=""/places/default/iso/CN"">CN </a><a href=""/places/default/iso/KG"">KG </a><a href=""/places/default/iso/UZ"">UZ </a><a href=""/places/default/iso/RU"">RU </a></div>",6/9/2022 18:27
"""/places/static/images/flags/ke.png""",582650 square kilometres,40046566,KE,Kenya,Nairobi,"<a href=""/places/default/continent/AF"">AF</a>",.ke,KES,Shilling,254,#####,^(\d{5})$,"en-KE,sw-KE","<div><a href=""/places/default/iso/ET"">ET </a><a href=""/places/default/iso/TZ"">TZ </a><a href=""/places/default/iso/SS"">SS </a><a href=""/places/default/iso/SO"">SO </a><a href=""/places/default/iso/UG"">UG </a></div>",6/9/2022 18:27
"""/places/static/images/flags/ki.png""",811 square kilometres,92533,KI,Kiribati,Tarawa,"<a href=""/places/default/continent/OC"">OC</a>",.ki,AUD,Dollar,686,,,"en-KI,gil","<div><a href=""/places/default/iso//""> </a></div>",6/9/2022 18:27
"""/places/static/images/flags/xk.png""",10908 square kilometres,1800000,XK,Kosovo,Pristina,"<a href=""/places/default/continent/EU"">EU</a>",,EUR,Euro,,,,"sq,sr","<div><a href=""/places/default/iso/RS"">RS </a><a href=""/places/default/iso/AL"">AL </a><a href=""/places/default/iso/MK"">MK </a><a href=""/places/default/iso/ME"">ME </a></div>",6/9/2022 18:27
"""/places/static/images/flags/kw.png""",17820 square kilometres,2789132,KW,Kuwait,Kuwait City,"<a href=""/places/default/continent/AS"">AS</a>",.kw,KWD,Dinar,965,#####,^(\d{5})$,"ar-KW,en","<div><a href=""/places/default/iso/SA"">SA </a><a href=""/places/default/iso/IQ"">IQ </a></div>",6/9/2022 18:27
"""/places/static/images/flags/kg.png""",198500 square kilometres,5508626,KG,Kyrgyzstan,Bishkek,"<a href=""/places/default/continent/AS"">AS</a>",.kg,KGS,Som,996,######,^(\d{6})$,"ky,uz,ru","<div><a href=""/places/default/iso/CN"">CN </a><a href=""/places/default/iso/TJ"">TJ </a><a href=""/places/default/iso/UZ"">UZ </a><a href=""/places/default/iso/KZ"">KZ </a></div>",6/9/2022 18:27
"""/places/static/images/flags/la.png""",236800 square kilometres,6368162,LA,Laos,Vientiane,"<a href=""/places/default/continent/AS"">AS</a>",.la,LAK,Kip,856,#####,^(\d{5})$,"lo,fr,en","<div><a href=""/places/default/iso/CN"">CN </a><a href=""/places/default/iso/MM"">MM </a><a href=""/places/default/iso/KH"">KH </a><a href=""/places/default/iso/TH"">TH </a><a href=""/places/default/iso/VN"">VN </a></div>",6/9/2022 18:27
"""/places/static/images/flags/lv.png""",64589 square kilometres,2217969,LV,Latvia,Riga,"<a href=""/places/default/continent/EU"">EU</a>",.lv,EUR,Euro,371,LV-####,^(?:LV)*(\d{4})$,"lv,ru,lt","<div><a href=""/places/default/iso/LT"">LT </a><a href=""/places/default/iso/EE"">EE </a><a href=""/places/default/iso/BY"">BY </a><a href=""/places/default/iso/RU"">RU </a></div>",6/9/2022 18:27
"""/places/static/images/flags/lb.png""",10400 square kilometres,4125247,LB,Lebanon,Beirut,"<a href=""/places/default/continent/AS"">AS</a>",.lb,LBP,Pound,961,#### ####|####,^(\d{4}(\d{4})?)$,"ar-LB,fr-LB,en,hy","<div><a href=""/places/default/iso/SY"">SY </a><a href=""/places/default/iso/IL"">IL </a></div>",6/9/2022 18:27
"""/places/static/images/flags/ls.png""",30355 square kilometres,1919552,LS,Lesotho,Maseru,"<a href=""/places/default/continent/AF"">AF</a>",.ls,LSL,Loti,266,###,^(\d{3})$,"en-LS,st,zu,xh","<div><a href=""/places/default/iso/ZA"">ZA </a></div>",6/9/2022 18:27
"""/places/static/images/flags/lr.png""",111370 square kilometres,3685076,LR,Liberia,Monrovia,"<a href=""/places/default/continent/AF"">AF</a>",.lr,LRD,Dollar,231,####,^(\d{4})$,en-LR,"<div><a href=""/places/default/iso/SL"">SL </a><a href=""/places/default/iso/CI"">CI </a><a href=""/places/default/iso/GN"">GN </a></div>",6/9/2022 18:27
"""/places/static/images/flags/ly.png""",1759540 square kilometres,6461454,LY,Libya,Tripolis,"<a href=""/places/default/continent/AF"">AF</a>",.ly,LYD,Dinar,218,,,"ar-LY,it,en","<div><a href=""/places/default/iso/TD"">TD </a><a href=""/places/default/iso/NE"">NE </a><a href=""/places/default/iso/DZ"">DZ </a><a href=""/places/default/iso/SD"">SD </a><a href=""/places/default/iso/TN"">TN </a><a href=""/places/default/iso/EG"">EG </a></div>",6/9/2022 18:27
"""/places/static/images/flags/li.png""",160 square kilometres,35000,LI,Liechtenstein,Vaduz,"<a href=""/places/default/continent/EU"">EU</a>",.li,CHF,Franc,423,####,^(\d{4})$,de-LI,"<div><a href=""/places/default/iso/CH"">CH </a><a href=""/places/default/iso/AT"">AT </a></div>",6/9/2022 18:27
"""/places/static/images/flags/lt.png""",65200 square kilometres,3565000,LT,Lithuania,Vilnius,"<a href=""/places/default/continent/EU"">EU</a>",.lt,LTL,Litas,370,LT-#####,^(?:LT)*(\d{5})$,"lt,ru,pl","<div><a href=""/places/default/iso/PL"">PL </a><a href=""/places/default/iso/BY"">BY </a><a href=""/places/default/iso/RU"">RU </a><a href=""/places/default/iso/LV"">LV </a></div>",6/9/2022 18:27
"""/places/static/images/flags/lu.png""",2586 square kilometres,497538,LU,Luxembourg,Luxembourg,"<a href=""/places/default/continent/EU"">EU</a>",.lu,EUR,Euro,352,L-####,^(\d{4})$,"lb,de-LU,fr-LU","<div><a href=""/places/default/iso/DE"">DE </a><a href=""/places/default/iso/BE"">BE </a><a href=""/places/default/iso/FR"">FR </a></div>",6/9/2022 18:27
"""/places/static/images/flags/mo.png""",254 square kilometres,449198,MO,Macao,Macao,"<a href=""/places/default/continent/AS"">AS</a>",.mo,MOP,Pataca,853,,,"zh,zh-MO,pt","<div><a href=""/places/default/iso//""> </a></div>",6/9/2022 18:27
"""/places/static/images/flags/mk.png""",25333 square kilometres,2062294,MK,Macedonia,Skopje,"<a href=""/places/default/continent/EU"">EU</a>",.mk,MKD,Denar,389,####,^(\d{4})$,"mk,sq,tr,rmm,sr","<div><a href=""/places/default/iso/AL"">AL </a><a href=""/places/default/iso/GR"">GR </a><a href=""/places/default/iso/CS"">CS </a><a href=""/places/default/iso/BG"">BG </a><a href=""/places/default/iso/RS"">RS </a><a href=""/places/default/iso/XK"">XK </a></div>",6/9/2022 18:27
"""/places/static/images/flags/mg.png""",587040 square kilometres,21281844,MG,Madagascar,Antananarivo,"<a href=""/places/default/continent/AF"">AF</a>",.mg,MGA,Ariary,261,###,^(\d{3})$,"fr-MG,mg","<div><a href=""/places/default/iso//""> </a></div>",6/9/2022 18:27
"""/places/static/images/flags/mw.png""",118480 square kilometres,15447500,MW,Malawi,Lilongwe,"<a href=""/places/default/continent/AF"">AF</a>",.mw,MWK,Kwacha,265,,,"ny,yao,tum,swk","<div><a href=""/places/default/iso/TZ"">TZ </a><a href=""/places/default/iso/MZ"">MZ </a><a href=""/places/default/iso/ZM"">ZM </a></div>",6/9/2022 18:27
"""/places/static/images/flags/my.png""",329750 square kilometres,28274729,MY,Malaysia,Kuala Lumpur,"<a href=""/places/default/continent/AS"">AS</a>",.my,MYR,Ringgit,60,#####,^(\d{5})$,"ms-MY,en,zh,ta,te,ml,pa,th","<div><a href=""/places/default/iso/BN"">BN </a><a href=""/places/default/iso/TH"">TH </a><a href=""/places/default/iso/ID"">ID </a></div>",6/9/2022 18:27
"""/places/static/images/flags/mv.png""",300 square kilometres,395650,MV,Maldives,Male,"<a href=""/places/default/continent/AS"">AS</a>",.mv,MVR,Rufiyaa,960,#####,^(\d{5})$,"dv,en","<div><a href=""/places/default/iso//""> </a></div>",6/9/2022 18:28
"""/places/static/images/flags/ml.png""",1240000 square kilometres,13796354,ML,Mali,Bamako,"<a href=""/places/default/continent/AF"">AF</a>",.ml,XOF,Franc,223,,,"fr-ML,bm","<div><a href=""/places/default/iso/SN"">SN </a><a href=""/places/default/iso/NE"">NE </a><a href=""/places/default/iso/DZ"">DZ </a><a href=""/places/default/iso/CI"">CI </a><a href=""/places/default/iso/GN"">GN </a><a href=""/places/default/iso/MR"">MR </a><a href=""/places/default/iso/BF"">BF </a></div>",6/9/2022 18:28
"""/places/static/images/flags/mt.png""",316 square kilometres,403000,MT,Malta,Valletta,"<a href=""/places/default/continent/EU"">EU</a>",.mt,EUR,Euro,356,@@@ ###|@@@ ##,^([A-Z]{3}\d{2}\d?)$,"mt,en-MT","<div><a href=""/places/default/iso//""> </a></div>",6/9/2022 18:28
"""/places/static/images/flags/mh.png""",181 square kilometres,65859,MH,Marshall Islands,Majuro,"<a href=""/places/default/continent/OC"">OC</a>",.mh,USD,Dollar,692,,,"mh,en-MH","<div><a href=""/places/default/iso//""> </a></div>",6/9/2022 18:28
"""/places/static/images/flags/mq.png""",1100 square kilometres,432900,MQ,Martinique,Fort-de-France,"<a href=""/places/default/continent/NA"">NA</a>",.mq,EUR,Euro,596,#####,^(\d{5})$,fr-MQ,"<div><a href=""/places/default/iso//""> </a></div>",6/9/2022 18:28
"""/places/static/images/flags/mr.png""",1030700 square kilometres,3205060,MR,Mauritania,Nouakchott,"<a href=""/places/default/continent/AF"">AF</a>",.mr,MRO,Ouguiya,222,,,"ar-MR,fuc,snk,fr,mey,wo","<div><a href=""/places/default/iso/SN"">SN </a><a href=""/places/default/iso/DZ"">DZ </a><a href=""/places/default/iso/EH"">EH </a><a href=""/places/default/iso/ML"">ML </a></div>",6/9/2022 18:28
"""/places/static/images/flags/mu.png""",2040 square kilometres,1294104,MU,Mauritius,Port Louis,"<a href=""/places/default/continent/AF"">AF</a>",.mu,MUR,Rupee,230,,,"en-MU,bho,fr","<div><a href=""/places/default/iso//""> </a></div>",6/9/2022 18:28
"""/places/static/images/flags/yt.png""",374 square kilometres,159042,YT,Mayotte,Mamoudzou,"<a href=""/places/default/continent/AF"">AF</a>",.yt,EUR,Euro,262,#####,^(\d{5})$,fr-YT,"<div><a href=""/places/default/iso//""> </a></div>",6/9/2022 18:28
"""/places/static/images/flags/mx.png""",1972550 square kilometres,112468855,MX,Mexico,Mexico City,"<a href=""/places/default/continent/NA"">NA</a>",.mx,MXN,Peso,52,#####,^(\d{5})$,es-MX,"<div><a href=""/places/default/iso/GT"">GT </a><a href=""/places/default/iso/US"">US </a><a href=""/places/default/iso/BZ"">BZ </a></div>",6/9/2022 18:28
"""/places/static/images/flags/fm.png""",702 square kilometres,107708,FM,Micronesia,Palikir,"<a href=""/places/default/continent/OC"">OC</a>",.fm,USD,Dollar,691,#####,^(\d{5})$,"en-FM,chk,pon,yap,kos,uli,woe,nkr,kpg","<div><a href=""/places/default/iso//""> </a></div>",6/9/2022 18:28
"""/places/static/images/flags/md.png""",33843 square kilometres,4324000,MD,Moldova,Chisinau,"<a href=""/places/default/continent/EU"">EU</a>",.md,MDL,Leu,373,MD-####,^(?:MD)*(\d{4})$,"ro,ru,gag,tr","<div><a href=""/places/default/iso/RO"">RO </a><a href=""/places/default/iso/UA"">UA </a></div>",6/9/2022 18:28
"""/places/static/images/flags/mc.png""",1 square kilometres,32965,MC,Monaco,Monaco,"<a href=""/places/default/continent/EU"">EU</a>",.mc,EUR,Euro,377,#####,^(\d{5})$,"fr-MC,en,it","<div><a href=""/places/default/iso/FR"">FR </a></div>",6/9/2022 18:28
"""/places/static/images/flags/mn.png""",1565000 square kilometres,3086918,MN,Mongolia,Ulan Bator,"<a href=""/places/default/continent/AS"">AS</a>",.mn,MNT,Tugrik,976,######,^(\d{6})$,"mn,ru","<div><a href=""/places/default/iso/CN"">CN </a><a href=""/places/default/iso/RU"">RU </a></div>",6/9/2022 18:28
"""/places/static/images/flags/me.png""",14026 square kilometres,666730,ME,Montenegro,Podgorica,"<a href=""/places/default/continent/EU"">EU</a>",.me,EUR,Euro,382,#####,^(\d{5})$,"sr,hu,bs,sq,hr,rom","<div><a href=""/places/default/iso/AL"">AL </a><a href=""/places/default/iso/HR"">HR </a><a href=""/places/default/iso/BA"">BA </a><a href=""/places/default/iso/RS"">RS </a><a href=""/places/default/iso/XK"">XK </a></div>",6/9/2022 18:28
"""/places/static/images/flags/ms.png""",102 square kilometres,9341,MS,Montserrat,Plymouth,"<a href=""/places/default/continent/NA"">NA</a>",.ms,XCD,Dollar,+1-664,,,en-MS,"<div><a href=""/places/default/iso//""> </a></div>",6/9/2022 18:28
"""/places/static/images/flags/ma.png""",446550 square kilometres,31627428,MA,Morocco,Rabat,"<a href=""/places/default/continent/AF"">AF</a>",.ma,MAD,Dirham,212,#####,^(\d{5})$,"ar-MA,fr","<div><a href=""/places/default/iso/DZ"">DZ </a><a href=""/places/default/iso/EH"">EH </a><a href=""/places/default/iso/ES"">ES </a></div>",6/9/2022 18:28
"""/places/static/images/flags/mz.png""",801590 square kilometres,22061451,MZ,Mozambique,Maputo,"<a href=""/places/default/continent/AF"">AF</a>",.mz,MZN,Metical,258,####,^(\d{4})$,"pt-MZ,vmw","<div><a href=""/places/default/iso/ZW"">ZW </a><a href=""/places/default/iso/TZ"">TZ </a><a href=""/places/default/iso/SZ"">SZ </a><a href=""/places/default/iso/ZA"">ZA </a><a href=""/places/default/iso/ZM"">ZM </a><a href=""/places/default/iso/MW"">MW </a></div>",6/9/2022 18:28
"""/places/static/images/flags/mm.png""",678500 square kilometres,53414374,MM,Myanmar,Nay Pyi Taw,"<a href=""/places/default/continent/AS"">AS</a>",.mm,MMK,Kyat,95,#####,^(\d{5})$,my,"<div><a href=""/places/default/iso/CN"">CN </a><a href=""/places/default/iso/LA"">LA </a><a href=""/places/default/iso/TH"">TH </a><a href=""/places/default/iso/BD"">BD </a><a href=""/places/default/iso/IN"">IN </a></div>",6/9/2022 18:28
"""/places/static/images/flags/na.png""",825418 square kilometres,2128471,NA,Namibia,Windhoek,"<a href=""/places/default/continent/AF"">AF</a>",.na,NAD,Dollar,264,,,"en-NA,af,de,hz,naq","<div><a href=""/places/default/iso/ZA"">ZA </a><a href=""/places/default/iso/BW"">BW </a><a href=""/places/default/iso/ZM"">ZM </a><a href=""/places/default/iso/AO"">AO </a></div>",6/9/2022 18:28
"""/places/static/images/flags/nr.png""",21 square kilometres,10065,NR,Nauru,Yaren,"<a href=""/places/default/continent/OC"">OC</a>",.nr,AUD,Dollar,674,,,"na,en-NR","<div><a href=""/places/default/iso//""> </a></div>",6/9/2022 18:28
"""/places/static/images/flags/np.png""",140800 square kilometres,28951852,NP,Nepal,Kathmandu,"<a href=""/places/default/continent/AS"">AS</a>",.np,NPR,Rupee,977,#####,^(\d{5})$,"ne,en","<div><a href=""/places/default/iso/CN"">CN </a><a href=""/places/default/iso/IN"">IN </a></div>",6/9/2022 18:28
"""/places/static/images/flags/nl.png""",41526 square kilometres,16645000,NL,Netherlands,Amsterdam,"<a href=""/places/default/continent/EU"">EU</a>",.nl,EUR,Euro,31,#### @@,^(\d{4}[A-Z]{2})$,"nl-NL,fy-NL","<div><a href=""/places/default/iso/DE"">DE </a><a href=""/places/default/iso/BE"">BE </a></div>",6/9/2022 18:28
"""/places/static/images/flags/an.png""",960 square kilometres,136197,AN,Netherlands Antilles,Willemstad,"<a href=""/places/default/continent/NA"">NA</a>",.an,ANG,Guilder,599,,,"nl-AN,en,es","<div><a href=""/places/default/iso/GP"">GP </a></div>",6/9/2022 18:28
"""/places/static/images/flags/nc.png""",19060 square kilometres,216494,NC,New Caledonia,Noumea,"<a href=""/places/default/continent/OC"">OC</a>",.nc,XPF,Franc,687,#####,^(\d{5})$,fr-NC,"<div><a href=""/places/default/iso//""> </a></div>",6/9/2022 18:28
"""/places/static/images/flags/nz.png""",268680 square kilometres,4252277,NZ,New Zealand,Wellington,"<a href=""/places/default/continent/OC"">OC</a>",.nz,NZD,Dollar,64,####,^(\d{4})$,"en-NZ,mi","<div><a href=""/places/default/iso//""> </a></div>",6/9/2022 18:28
"""/places/static/images/flags/ni.png""",129494 square kilometres,5995928,NI,Nicaragua,Managua,"<a href=""/places/default/continent/NA"">NA</a>",.ni,NIO,Cordoba,505,###-###-#,^(\d{7})$,"es-NI,en","<div><a href=""/places/default/iso/CR"">CR </a><a href=""/places/default/iso/HN"">HN </a></div>",6/9/2022 18:28
"""/places/static/images/flags/ne.png""",1267000 square kilometres,15878271,NE,Niger,Niamey,"<a href=""/places/default/continent/AF"">AF</a>",.ne,XOF,Franc,227,####,^(\d{4})$,"fr-NE,ha,kr,dje","<div><a href=""/places/default/iso/TD"">TD </a><a href=""/places/default/iso/BJ"">BJ </a><a href=""/places/default/iso/DZ"">DZ </a><a href=""/places/default/iso/LY"">LY </a><a href=""/places/default/iso/BF"">BF </a><a href=""/places/default/iso/NG"">NG </a><a href=""/places/default/iso/ML"">ML </a></div>",6/9/2022 18:28
"""/places/static/images/flags/ng.png""",923768 square kilometres,154000000,NG,Nigeria,Abuja,"<a href=""/places/default/continent/AF"">AF</a>",.ng,NGN,Naira,234,######,^(\d{6})$,"en-NG,ha,yo,ig,ff","<div><a href=""/places/default/iso/TD"">TD </a><a href=""/places/default/iso/NE"">NE </a><a href=""/places/default/iso/BJ"">BJ </a><a href=""/places/default/iso/CM"">CM </a></div>",6/9/2022 18:28
"""/places/static/images/flags/nu.png""",260 square kilometres,2166,NU,Niue,Alofi,"<a href=""/places/default/continent/OC"">OC</a>",.nu,NZD,Dollar,683,,,"niu,en-NU","<div><a href=""/places/default/iso//""> </a></div>",6/9/2022 18:28
"""/places/static/images/flags/nf.png""",34 square kilometres,1828,NF,Norfolk Island,Kingston,"<a href=""/places/default/continent/OC"">OC</a>",.nf,AUD,Dollar,672,####,^(\d{4})$,en-NF,"<div><a href=""/places/default/iso//""> </a></div>",6/9/2022 18:28
"""/places/static/images/flags/kp.png""",120540 square kilometres,22912177,KP,North Korea,Pyongyang,"<a href=""/places/default/continent/AS"">AS</a>",.kp,KPW,Won,850,###-###,^(\d{6})$,ko-KP,"<div><a href=""/places/default/iso/CN"">CN </a><a href=""/places/default/iso/KR"">KR </a><a href=""/places/default/iso/RU"">RU </a></div>",6/9/2022 18:28
"""/places/static/images/flags/mp.png""",477 square kilometres,53883,MP,Northern Mariana Islands,Saipan,"<a href=""/places/default/continent/OC"">OC</a>",.mp,USD,Dollar,+1-670,,,"fil,tl,zh,ch-MP,en-MP","<div><a href=""/places/default/iso//""> </a></div>",6/9/2022 18:28
"""/places/static/images/flags/no.png""",324220 square kilometres,5009150,NO,Norway,Oslo,"<a href=""/places/default/continent/EU"">EU</a>",.no,NOK,Krone,47,####,^(\d{4})$,"no,nb,nn,se,fi","<div><a href=""/places/default/iso/FI"">FI </a><a href=""/places/default/iso/RU"">RU </a><a href=""/places/default/iso/SE"">SE </a></div>",6/9/2022 18:28
"""/places/static/images/flags/om.png""",212460 square kilometres,2967717,OM,Oman,Muscat,"<a href=""/places/default/continent/AS"">AS</a>",.om,OMR,Rial,968,###,^(\d{3})$,"ar-OM,en,bal,ur","<div><a href=""/places/default/iso/SA"">SA </a><a href=""/places/default/iso/YE"">YE </a><a href=""/places/default/iso/AE"">AE </a></div>",6/9/2022 18:28
"""/places/static/images/flags/pk.png""",803940 square kilometres,184404791,PK,Pakistan,Islamabad,"<a href=""/places/default/continent/AS"">AS</a>",.pk,PKR,Rupee,92,#####,^(\d{5})$,"ur-PK,en-PK,pa,sd,ps,brh","<div><a href=""/places/default/iso/CN"">CN </a><a href=""/places/default/iso/AF"">AF </a><a href=""/places/default/iso/IR"">IR </a><a href=""/places/default/iso/IN"">IN </a></div>",6/9/2022 18:28
"""/places/static/images/flags/pw.png""",458 square kilometres,19907,PW,Palau,Melekeok,"<a href=""/places/default/continent/OC"">OC</a>",.pw,USD,Dollar,680,96940,^(96940)$,"pau,sov,en-PW,tox,ja,fil,zh","<div><a href=""/places/default/iso//""> </a></div>",6/9/2022 18:28
"""/places/static/images/flags/ps.png""",5970 square kilometres,3800000,PS,Palestinian Territory,East Jerusalem,"<a href=""/places/default/continent/AS"">AS</a>",.ps,ILS,Shekel,970,,,ar-PS,"<div><a href=""/places/default/iso/JO"">JO </a><a href=""/places/default/iso/IL"">IL </a></div>",6/9/2022 18:28
"""/places/static/images/flags/pa.png""",78200 square kilometres,3410676,PA,Panama,Panama City,"<a href=""/places/default/continent/NA"">NA</a>",.pa,PAB,Balboa,507,,,"es-PA,en","<div><a href=""/places/default/iso/CR"">CR </a><a href=""/places/default/iso/CO"">CO </a></div>",6/9/2022 18:28
"""/places/static/images/flags/pg.png""",462840 square kilometres,6064515,PG,Papua New Guinea,Port Moresby,"<a href=""/places/default/continent/OC"">OC</a>",.pg,PGK,Kina,675,###,^(\d{3})$,"en-PG,ho,meu,tpi","<div><a href=""/places/default/iso/ID"">ID </a></div>",6/9/2022 18:28
"""/places/static/images/flags/py.png""",406750 square kilometres,6375830,PY,Paraguay,Asuncion,"<a href=""/places/default/continent/SA"">SA</a>",.py,PYG,Guarani,595,####,^(\d{4})$,"es-PY,gn","<div><a href=""/places/default/iso/BO"">BO </a><a href=""/places/default/iso/BR"">BR </a><a href=""/places/default/iso/AR"">AR </a></div>",6/9/2022 18:28
"""/places/static/images/flags/pe.png""",1285220 square kilometres,29907003,PE,Peru,Lima,"<a href=""/places/default/continent/SA"">SA</a>",.pe,PEN,Sol,51,,,"es-PE,qu,ay","<div><a href=""/places/default/iso/EC"">EC </a><a href=""/places/default/iso/CL"">CL </a><a href=""/places/default/iso/BO"">BO </a><a href=""/places/default/iso/BR"">BR </a><a href=""/places/default/iso/CO"">CO </a></div>",6/9/2022 18:28
"""/places/static/images/flags/ph.png""",300000 square kilometres,99900177,PH,Philippines,Manila,"<a href=""/places/default/continent/AS"">AS</a>",.ph,PHP,Peso,63,####,^(\d{4})$,"tl,en-PH,fil","<div><a href=""/places/default/iso//""> </a></div>",6/9/2022 18:28
"""/places/static/images/flags/pn.png""",47 square kilometres,46,PN,Pitcairn,Adamstown,"<a href=""/places/default/continent/OC"">OC</a>",.pn,NZD,Dollar,870,,,en-PN,"<div><a href=""/places/default/iso//""> </a></div>",6/9/2022 18:28
"""/places/static/images/flags/pl.png""",312685 square kilometres,38500000,PL,Poland,Warsaw,"<a href=""/places/default/continent/EU"">EU</a>",.pl,PLN,Zloty,48,##-###,^(\d{5})$,pl,"<div><a href=""/places/default/iso/DE"">DE </a><a href=""/places/default/iso/LT"">LT </a><a href=""/places/default/iso/SK"">SK </a><a href=""/places/default/iso/CZ"">CZ </a><a href=""/places/default/iso/BY"">BY </a><a href=""/places/default/iso/UA"">UA </a><a href=""/places/default/iso/RU"">RU </a></div>",6/9/2022 18:28
"""/places/static/images/flags/pt.png""",92391 square kilometres,10676000,PT,Portugal,Lisbon,"<a href=""/places/default/continent/EU"">EU</a>",.pt,EUR,Euro,351,####-###,^(\d{7})$,"pt-PT,mwl","<div><a href=""/places/default/iso/ES"">ES </a></div>",6/9/2022 18:28
"""/places/static/images/flags/pr.png""",9104 square kilometres,3916632,PR,Puerto Rico,San Juan,"<a href=""/places/default/continent/NA"">NA</a>",.pr,USD,Dollar,+1-787 and 1-939,#####-####,^(\d{9})$,"en-PR,es-PR","<div><a href=""/places/default/iso//""> </a></div>",6/9/2022 18:28
"""/places/static/images/flags/qa.png""",11437 square kilometres,840926,QA,Qatar,Doha,"<a href=""/places/default/continent/AS"">AS</a>",.qa,QAR,Rial,974,,,"ar-QA,es","<div><a href=""/places/default/iso/SA"">SA </a></div>",6/9/2022 18:28
"""/places/static/images/flags/cg.png""",342000 square kilometres,3039126,CG,Republic of the Congo,Brazzaville,"<a href=""/places/default/continent/AF"">AF</a>",.cg,XAF,Franc,242,,,"fr-CG,kg,ln-CG","<div><a href=""/places/default/iso/CF"">CF </a><a href=""/places/default/iso/GA"">GA </a><a href=""/places/default/iso/CD"">CD </a><a href=""/places/default/iso/CM"">CM </a><a href=""/places/default/iso/AO"">AO </a></div>",6/9/2022 18:28
"""/places/static/images/flags/re.png""",2517 square kilometres,776948,RE,Reunion,Saint-Denis,"<a href=""/places/default/continent/AF"">AF</a>",.re,EUR,Euro,262,#####,^((97|98)(4|7|8)\d{2})$,fr-RE,"<div><a href=""/places/default/iso//""> </a></div>",6/9/2022 18:28
"""/places/static/images/flags/ro.png""",237500 square kilometres,21959278,RO,Romania,Bucharest,"<a href=""/places/default/continent/EU"">EU</a>",.ro,RON,Leu,40,######,^(\d{6})$,"ro,hu,rom","<div><a href=""/places/default/iso/MD"">MD </a><a href=""/places/default/iso/HU"">HU </a><a href=""/places/default/iso/UA"">UA </a><a href=""/places/default/iso/CS"">CS </a><a href=""/places/default/iso/BG"">BG </a><a href=""/places/default/iso/RS"">RS </a></div>",6/9/2022 18:28
"""/places/static/images/flags/ru.png""",17100000 square kilometres,140702000,RU,Russia,Moscow,"<a href=""/places/default/continent/EU"">EU</a>",.ru,RUB,Ruble,7,######,^(\d{6})$,"ru,tt,xal,cau,ady,kv,ce,tyv,cv,udm,tut,mns,bua,myv,mdf,chm,ba,inh,tut,kbd,krc,ava,sah,nog","<div><a href=""/places/default/iso/GE"">GE </a><a href=""/places/default/iso/CN"">CN </a><a href=""/places/default/iso/BY"">BY </a><a href=""/places/default/iso/UA"">UA </a><a href=""/places/default/iso/KZ"">KZ </a><a href=""/places/default/iso/LV"">LV </a><a href=""/places/default/iso/PL"">PL </a><a href=""/places/default/iso/EE"">EE </a><a href=""/places/default/iso/LT"">LT </a><a href=""/places/default/iso/FI"">FI </a><a href=""/places/default/iso/MN"">MN </a><a href=""/places/default/iso/NO"">NO </a><a href=""/places/default/iso/AZ"">AZ </a><a href=""/places/default/iso/KP"">KP </a></div>",6/9/2022 18:28
"""/places/static/images/flags/rw.png""",26338 square kilometres,11055976,RW,Rwanda,Kigali,"<a href=""/places/default/continent/AF"">AF</a>",.rw,RWF,Franc,250,,,"rw,en-RW,fr-RW,sw","<div><a href=""/places/default/iso/TZ"">TZ </a><a href=""/places/default/iso/CD"">CD </a><a href=""/places/default/iso/BI"">BI </a><a href=""/places/default/iso/UG"">UG </a></div>",6/9/2022 18:28
"""/places/static/images/flags/bl.png""",21 square kilometres,8450,BL,Saint Barthelemy,Gustavia,"<a href=""/places/default/continent/NA"">NA</a>",.gp,EUR,Euro,590,### ###,,fr,"<div><a href=""/places/default/iso//""> </a></div>",6/9/2022 18:28
"""/places/static/images/flags/sh.png""",410 square kilometres,7460,SH,Saint Helena,Jamestown,"<a href=""/places/default/continent/AF"">AF</a>",.sh,SHP,Pound,290,STHL 1ZZ,^(STHL1ZZ)$,en-SH,"<div><a href=""/places/default/iso//""> </a></div>",6/9/2022 18:28
"""/places/static/images/flags/kn.png""",261 square kilometres,51134,KN,Saint Kitts and Nevis,Basseterre,"<a href=""/places/default/continent/NA"">NA</a>",.kn,XCD,Dollar,+1-869,,,en-KN,"<div><a href=""/places/default/iso//""> </a></div>",6/9/2022 18:28
"""/places/static/images/flags/lc.png""",616 square kilometres,160922,LC,Saint Lucia,Castries,"<a href=""/places/default/continent/NA"">NA</a>",.lc,XCD,Dollar,+1-758,,,en-LC,"<div><a href=""/places/default/iso//""> </a></div>",6/9/2022 18:28
"""/places/static/images/flags/mf.png""",53 square kilometres,35925,MF,Saint Martin,Marigot,"<a href=""/places/default/continent/NA"">NA</a>",.gp,EUR,Euro,590,### ###,,fr,"<div><a href=""/places/default/iso/SX"">SX </a></div>",6/9/2022 18:28
"""/places/static/images/flags/pm.png""",242 square kilometres,7012,PM,Saint Pierre and Miquelon,Saint-Pierre,"<a href=""/places/default/continent/NA"">NA</a>",.pm,EUR,Euro,508,#####,^(97500)$,fr-PM,"<div><a href=""/places/default/iso//""> </a></div>",6/9/2022 18:28
"""/places/static/images/flags/vc.png""",389 square kilometres,104217,VC,Saint Vincent and the Grenadines,Kingstown,"<a href=""/places/default/continent/NA"">NA</a>",.vc,XCD,Dollar,+1-784,,,"en-VC,fr","<div><a href=""/places/default/iso//""> </a></div>",6/9/2022 18:28
"""/places/static/images/flags/ws.png""",2944 square kilometres,192001,WS,Samoa,Apia,"<a href=""/places/default/continent/OC"">OC</a>",.ws,WST,Tala,685,,,"sm,en-WS","<div><a href=""/places/default/iso//""> </a></div>",6/9/2022 18:28
"""/places/static/images/flags/sm.png""",61 square kilometres,31477,SM,San Marino,San Marino,"<a href=""/places/default/continent/EU"">EU</a>",.sm,EUR,Euro,378,4789#,^(4789\d)$,it-SM,"<div><a href=""/places/default/iso/IT"">IT </a></div>",6/9/2022 18:28
"""/places/static/images/flags/st.png""",1001 square kilometres,175808,ST,Sao Tome and Principe,Sao Tome,"<a href=""/places/default/continent/AF"">AF</a>",.st,STD,Dobra,239,,,pt-ST,"<div><a href=""/places/default/iso//""> </a></div>",6/9/2022 18:28
"""/places/static/images/flags/sa.png""",1960582 square kilometres,25731776,SA,Saudi Arabia,Riyadh,"<a href=""/places/default/continent/AS"">AS</a>",.sa,SAR,Rial,966,#####,^(\d{5})$,ar-SA,"<div><a href=""/places/default/iso/QA"">QA </a><a href=""/places/default/iso/OM"">OM </a><a href=""/places/default/iso/IQ"">IQ </a><a href=""/places/default/iso/YE"">YE </a><a href=""/places/default/iso/JO"">JO </a><a href=""/places/default/iso/AE"">AE </a><a href=""/places/default/iso/KW"">KW </a></div>",6/9/2022 18:28
"""/places/static/images/flags/sn.png""",196190 square kilometres,12323252,SN,Senegal,Dakar,"<a href=""/places/default/continent/AF"">AF</a>",.sn,XOF,Franc,221,#####,^(\d{5})$,"fr-SN,wo,fuc,mnk","<div><a href=""/places/default/iso/GN"">GN </a><a href=""/places/default/iso/MR"">MR </a><a href=""/places/default/iso/GW"">GW </a><a href=""/places/default/iso/GM"">GM </a><a href=""/places/default/iso/ML"">ML </a></div>",6/9/2022 18:28
"""/places/static/images/flags/rs.png""",88361 square kilometres,7344847,RS,Serbia,Belgrade,"<a href=""/places/default/continent/EU"">EU</a>",.rs,RSD,Dinar,381,######,^(\d{6})$,"sr,hu,bs,rom","<div><a href=""/places/default/iso/AL"">AL </a><a href=""/places/default/iso/HU"">HU </a><a href=""/places/default/iso/MK"">MK </a><a href=""/places/default/iso/RO"">RO </a><a href=""/places/default/iso/HR"">HR </a><a href=""/places/default/iso/BA"">BA </a><a href=""/places/default/iso/BG"">BG </a><a href=""/places/default/iso/ME"">ME </a><a href=""/places/default/iso/XK"">XK </a></div>",6/9/2022 18:28
"""/places/static/images/flags/cs.png""",102350 square kilometres,10829175,CS,Serbia and Montenegro,Belgrade,"<a href=""/places/default/continent/EU"">EU</a>",.cs,RSD,Dinar,381,#####,^(\d{5})$,"cu,hu,sq,sr","<div><a href=""/places/default/iso/AL"">AL </a><a href=""/places/default/iso/HU"">HU </a><a href=""/places/default/iso/MK"">MK </a><a href=""/places/default/iso/RO"">RO </a><a href=""/places/default/iso/HR"">HR </a><a href=""/places/default/iso/BA"">BA </a><a href=""/places/default/iso/BG"">BG </a></div>",6/9/2022 18:28
"""/places/static/images/flags/sc.png""",455 square kilometres,88340,SC,Seychelles,Victoria,"<a href=""/places/default/continent/AF"">AF</a>",.sc,SCR,Rupee,248,,,"en-SC,fr-SC","<div><a href=""/places/default/iso//""> </a></div>",6/9/2022 18:28
"""/places/static/images/flags/sl.png""",71740 square kilometres,5245695,SL,Sierra Leone,Freetown,"<a href=""/places/default/continent/AF"">AF</a>",.sl,SLL,Leone,232,,,"en-SL,men,tem","<div><a href=""/places/default/iso/LR"">LR </a><a href=""/places/default/iso/GN"">GN </a></div>",6/9/2022 18:28
"""/places/static/images/flags/sg.png""",692 square kilometres,4701069,SG,Singapore,Singapur,"<a href=""/places/default/continent/AS"">AS</a>",.sg,SGD,Dollar,65,######,^(\d{6})$,"cmn,en-SG,ms-SG,ta-SG,zh-SG","<div><a href=""/places/default/iso//""> </a></div>",6/9/2022 18:28
"""/places/static/images/flags/sx.png""",34 square kilometres,37429,SX,Sint Maarten,Philipsburg,"<a href=""/places/default/continent/NA"">NA</a>",.sx,ANG,Guilder,599,,,"nl,en","<div><a href=""/places/default/iso/MF"">MF </a></div>",6/9/2022 18:28
"""/places/static/images/flags/sk.png""",48845 square kilometres,5455000,SK,Slovakia,Bratislava,"<a href=""/places/default/continent/EU"">EU</a>",.sk,EUR,Euro,421,### ##,^(\d{5})$,"sk,hu","<div><a href=""/places/default/iso/PL"">PL </a><a href=""/places/default/iso/HU"">HU </a><a href=""/places/default/iso/CZ"">CZ </a><a href=""/places/default/iso/UA"">UA </a><a href=""/places/default/iso/AT"">AT </a></div>",6/9/2022 18:28
"""/places/static/images/flags/si.png""",20273 square kilometres,2007000,SI,Slovenia,Ljubljana,"<a href=""/places/default/continent/EU"">EU</a>",.si,EUR,Euro,386,####,^(?:SI)*(\d{4})$,"sl,sh","<div><a href=""/places/default/iso/HU"">HU </a><a href=""/places/default/iso/IT"">IT </a><a href=""/places/default/iso/HR"">HR </a><a href=""/places/default/iso/AT"">AT </a></div>",6/9/2022 18:28
"""/places/static/images/flags/sb.png""",28450 square kilometres,559198,SB,Solomon Islands,Honiara,"<a href=""/places/default/continent/OC"">OC</a>",.sb,SBD,Dollar,677,,,"en-SB,tpi","<div><a href=""/places/default/iso//""> </a></div>",6/9/2022 18:28
"""/places/static/images/flags/so.png""",637657 square kilometres,10112453,SO,Somalia,Mogadishu,"<a href=""/places/default/continent/AF"">AF</a>",.so,SOS,Shilling,252,@@  #####,^([A-Z]{2}\d{5})$,"so-SO,ar-SO,it,en-SO","<div><a href=""/places/default/iso/ET"">ET </a><a href=""/places/default/iso/KE"">KE </a><a href=""/places/default/iso/DJ"">DJ </a></div>",6/9/2022 18:28
"""/places/static/images/flags/za.png""",1219912 square kilometres,49000000,ZA,South Africa,Pretoria,"<a href=""/places/default/continent/AF"">AF</a>",.za,ZAR,Rand,27,####,^(\d{4})$,"zu,xh,af,nso,en-ZA,tn,st,ts,ss,ve,nr","<div><a href=""/places/default/iso/ZW"">ZW </a><a href=""/places/default/iso/SZ"">SZ </a><a href=""/places/default/iso/MZ"">MZ </a><a href=""/places/default/iso/BW"">BW </a><a href=""/places/default/iso/NA"">NA </a><a href=""/places/default/iso/LS"">LS </a></div>",6/9/2022 18:28
"""/places/static/images/flags/gs.png""",3903 square kilometres,30,GS,South Georgia and the South Sandwich Islands,Grytviken,"<a href=""/places/default/continent/AN"">AN</a>",.gs,GBP,Pound,,,,en,"<div><a href=""/places/default/iso//""> </a></div>",6/9/2022 18:28
"""/places/static/images/flags/kr.png""",98480 square kilometres,48422644,KR,South Korea,Seoul,"<a href=""/places/default/continent/AS"">AS</a>",.kr,KRW,Won,82,SEOUL ###-###,^(?:SEOUL)*(\d{6})$,"ko-KR,en","<div><a href=""/places/default/iso/KP"">KP </a></div>",6/9/2022 18:28
"""/places/static/images/flags/ss.png""",644329 square kilometres,8260490,SS,South Sudan,Juba,"<a href=""/places/default/continent/AF"">AF</a>",,SSP,Pound,211,,,en,"<div><a href=""/places/default/iso/CD"">CD </a><a href=""/places/default/iso/CF"">CF </a><a href=""/places/default/iso/ET"">ET </a><a href=""/places/default/iso/KE"">KE </a><a href=""/places/default/iso/SD"">SD </a><a href=""/places/default/iso/UG"">UG </a><a href=""/places/default/iso//""> </a></div>",6/9/2022 18:28
"""/places/static/images/flags/es.png""",504782 square kilometres,46505963,ES,Spain,Madrid,"<a href=""/places/default/continent/EU"">EU</a>",.es,EUR,Euro,34,#####,^(\d{5})$,"es-ES,ca,gl,eu,oc","<div><a href=""/places/default/iso/AD"">AD </a><a href=""/places/default/iso/PT"">PT </a><a href=""/places/default/iso/GI"">GI </a><a href=""/places/default/iso/FR"">FR </a><a href=""/places/default/iso/MA"">MA </a></div>",6/9/2022 18:28
"""/places/static/images/flags/lk.png""",65610 square kilometres,21513990,LK,Sri Lanka,Colombo,"<a href=""/places/default/continent/AS"">AS</a>",.lk,LKR,Rupee,94,#####,^(\d{5})$,"si,ta,en","<div><a href=""/places/default/iso//""> </a></div>",6/9/2022 18:28
"""/places/static/images/flags/sd.png""",1861484 square kilometres,35000000,SD,Sudan,Khartoum,"<a href=""/places/default/continent/AF"">AF</a>",.sd,SDG,Pound,249,#####,^(\d{5})$,"ar-SD,en,fia","<div><a href=""/places/default/iso/SS"">SS </a><a href=""/places/default/iso/TD"">TD </a><a href=""/places/default/iso/EG"">EG </a><a href=""/places/default/iso/ET"">ET </a><a href=""/places/default/iso/ER"">ER </a><a href=""/places/default/iso/LY"">LY </a><a href=""/places/default/iso/CF"">CF </a></div>",6/9/2022 18:28
"""/places/static/images/flags/sr.png""",163270 square kilometres,492829,SR,Suriname,Paramaribo,"<a href=""/places/default/continent/SA"">SA</a>",.sr,SRD,Dollar,597,,,"nl-SR,en,srn,hns,jv","<div><a href=""/places/default/iso/GY"">GY </a><a href=""/places/default/iso/BR"">BR </a><a href=""/places/default/iso/GF"">GF </a></div>",6/9/2022 18:28
"""/places/static/images/flags/sj.png""",62049 square kilometres,2550,SJ,Svalbard and Jan Mayen,Longyearbyen,"<a href=""/places/default/continent/EU"">EU</a>",.sj,NOK,Krone,47,,,"no,ru","<div><a href=""/places/default/iso//""> </a></div>",6/9/2022 18:28
"""/places/static/images/flags/sz.png""",17363 square kilometres,1354051,SZ,Swaziland,Mbabane,"<a href=""/places/default/continent/AF"">AF</a>",.sz,SZL,Lilangeni,268,@###,^([A-Z]\d{3})$,"en-SZ,ss-SZ","<div><a href=""/places/default/iso/ZA"">ZA </a><a href=""/places/default/iso/MZ"">MZ </a></div>",6/9/2022 18:28
"""/places/static/images/flags/se.png""",449964 square kilometres,9555893,SE,Sweden,Stockholm,"<a href=""/places/default/continent/EU"">EU</a>",.se,SEK,Krona,46,### ##,^(?:SE)*(\d{5})$,"sv-SE,se,sma,fi-SE","<div><a href=""/places/default/iso/NO"">NO </a><a href=""/places/default/iso/FI"">FI </a></div>",6/9/2022 18:28
"""/places/static/images/flags/ch.png""",41290 square kilometres,7581000,CH,Switzerland,Berne,"<a href=""/places/default/continent/EU"">EU</a>",.ch,CHF,Franc,41,####,^(\d{4})$,"de-CH,fr-CH,it-CH,rm","<div><a href=""/places/default/iso/DE"">DE </a><a href=""/places/default/iso/IT"">IT </a><a href=""/places/default/iso/LI"">LI </a><a href=""/places/default/iso/FR"">FR </a><a href=""/places/default/iso/AT"">AT </a></div>",6/9/2022 18:28
"""/places/static/images/flags/sy.png""",185180 square kilometres,22198110,SY,Syria,Damascus,"<a href=""/places/default/continent/AS"">AS</a>",.sy,SYP,Pound,963,,,"ar-SY,ku,hy,arc,fr,en","<div><a href=""/places/default/iso/IQ"">IQ </a><a href=""/places/default/iso/JO"">JO </a><a href=""/places/default/iso/IL"">IL </a><a href=""/places/default/iso/TR"">TR </a><a href=""/places/default/iso/LB"">LB </a></div>",6/9/2022 18:28
"""/places/static/images/flags/tw.png""",35980 square kilometres,22894384,TW,Taiwan,Taipei,"<a href=""/places/default/continent/AS"">AS</a>",.tw,TWD,Dollar,886,#####,^(\d{5})$,"zh-TW,zh,nan,hak","<div><a href=""/places/default/iso//""> </a></div>",6/9/2022 18:28
"""/places/static/images/flags/tj.png""",143100 square kilometres,7487489,TJ,Tajikistan,Dushanbe,"<a href=""/places/default/continent/AS"">AS</a>",.tj,TJS,Somoni,992,######,^(\d{6})$,"tg,ru","<div><a href=""/places/default/iso/CN"">CN </a><a href=""/places/default/iso/AF"">AF </a><a href=""/places/default/iso/KG"">KG </a><a href=""/places/default/iso/UZ"">UZ </a></div>",6/9/2022 18:28
"""/places/static/images/flags/tz.png""",945087 square kilometres,41892895,TZ,Tanzania,Dodoma,"<a href=""/places/default/continent/AF"">AF</a>",.tz,TZS,Shilling,255,,,"sw-TZ,en,ar","<div><a href=""/places/default/iso/MZ"">MZ </a><a href=""/places/default/iso/KE"">KE </a><a href=""/places/default/iso/CD"">CD </a><a href=""/places/default/iso/RW"">RW </a><a href=""/places/default/iso/ZM"">ZM </a><a href=""/places/default/iso/BI"">BI </a><a href=""/places/default/iso/UG"">UG </a><a href=""/places/default/iso/MW"">MW </a></div>",6/9/2022 18:28
"""/places/static/images/flags/th.png""",514000 square kilometres,67089500,TH,Thailand,Bangkok,"<a href=""/places/default/continent/AS"">AS</a>",.th,THB,Baht,66,#####,^(\d{5})$,"th,en","<div><a href=""/places/default/iso/LA"">LA </a><a href=""/places/default/iso/MM"">MM </a><a href=""/places/default/iso/KH"">KH </a><a href=""/places/default/iso/MY"">MY </a></div>",6/9/2022 18:28
"""/places/static/images/flags/tg.png""",56785 square kilometres,6587239,TG,Togo,Lome,"<a href=""/places/default/continent/AF"">AF</a>",.tg,XOF,Franc,228,,,"fr-TG,ee,hna,kbp,dag,ha","<div><a href=""/places/default/iso/BJ"">BJ </a><a href=""/places/default/iso/GH"">GH </a><a href=""/places/default/iso/BF"">BF </a></div>",6/9/2022 18:28
"""/places/static/images/flags/tk.png""",10 square kilometres,1466,TK,Tokelau,,"<a href=""/places/default/continent/OC"">OC</a>",.tk,NZD,Dollar,690,,,"tkl,en-TK","<div><a href=""/places/default/iso//""> </a></div>",6/9/2022 18:28
"""/places/static/images/flags/to.png""",748 square kilometres,122580,TO,Tonga,Nuku'alofa,"<a href=""/places/default/continent/OC"">OC</a>",.to,TOP,Pa'anga,676,,,"to,en-TO","<div><a href=""/places/default/iso//""> </a></div>",6/9/2022 18:28
"""/places/static/images/flags/tt.png""",5128 square kilometres,1228691,TT,Trinidad and Tobago,Port of Spain,"<a href=""/places/default/continent/NA"">NA</a>",.tt,TTD,Dollar,+1-868,,,"en-TT,hns,fr,es,zh","<div><a href=""/places/default/iso//""> </a></div>",6/9/2022 18:28
"""/places/static/images/flags/tn.png""",163610 square kilometres,10589025,TN,Tunisia,Tunis,"<a href=""/places/default/continent/AF"">AF</a>",.tn,TND,Dinar,216,####,^(\d{4})$,"ar-TN,fr","<div><a href=""/places/default/iso/DZ"">DZ </a><a href=""/places/default/iso/LY"">LY </a></div>",6/9/2022 18:28
"""/places/static/images/flags/tr.png""",780580 square kilometres,77804122,TR,Turkey,Ankara,"<a href=""/places/default/continent/AS"">AS</a>",.tr,TRY,Lira,90,#####,^(\d{5})$,"tr-TR,ku,diq,az,av","<div><a href=""/places/default/iso/SY"">SY </a><a href=""/places/default/iso/GE"">GE </a><a href=""/places/default/iso/IQ"">IQ </a><a href=""/places/default/iso/IR"">IR </a><a href=""/places/default/iso/GR"">GR </a><a href=""/places/default/iso/AM"">AM </a><a href=""/places/default/iso/AZ"">AZ </a><a href=""/places/default/iso/BG"">BG </a></div>",6/9/2022 18:28
"""/places/static/images/flags/tm.png""",488100 square kilometres,4940916,TM,Turkmenistan,Ashgabat,"<a href=""/places/default/continent/AS"">AS</a>",.tm,TMT,Manat,993,######,^(\d{6})$,"tk,ru,uz","<div><a href=""/places/default/iso/AF"">AF </a><a href=""/places/default/iso/IR"">IR </a><a href=""/places/default/iso/UZ"">UZ </a><a href=""/places/default/iso/KZ"">KZ </a></div>",6/9/2022 18:28
"""/places/static/images/flags/tc.png""",430 square kilometres,20556,TC,Turks and Caicos Islands,Cockburn Town,"<a href=""/places/default/continent/NA"">NA</a>",.tc,USD,Dollar,+1-649,TKCA 1ZZ,^(TKCA 1ZZ)$,en-TC,"<div><a href=""/places/default/iso//""> </a></div>",6/9/2022 18:28
"""/places/static/images/flags/tv.png""",26 square kilometres,10472,TV,Tuvalu,Funafuti,"<a href=""/places/default/continent/OC"">OC</a>",.tv,AUD,Dollar,688,,,"tvl,en,sm,gil","<div><a href=""/places/default/iso//""> </a></div>",6/9/2022 18:28
"""/places/static/images/flags/vi.png""",352 square kilometres,108708,VI,U.S. Virgin Islands,Charlotte Amalie,"<a href=""/places/default/continent/NA"">NA</a>",.vi,USD,Dollar,+1-340,#####-####,^\d{5}(-\d{4})?$,en-VI,"<div><a href=""/places/default/iso//""> </a></div>",6/9/2022 18:28
"""/places/static/images/flags/ug.png""",236040 square kilometres,33398682,UG,Uganda,Kampala,"<a href=""/places/default/continent/AF"">AF</a>",.ug,UGX,Shilling,256,,,"en-UG,lg,sw,ar","<div><a href=""/places/default/iso/TZ"">TZ </a><a href=""/places/default/iso/KE"">KE </a><a href=""/places/default/iso/SS"">SS </a><a href=""/places/default/iso/CD"">CD </a><a href=""/places/default/iso/RW"">RW </a></div>",6/9/2022 18:28
"""/places/static/images/flags/ua.png""",603700 square kilometres,45415596,UA,Ukraine,Kiev,"<a href=""/places/default/continent/EU"">EU</a>",.ua,UAH,Hryvnia,380,#####,^(\d{5})$,"uk,ru-UA,rom,pl,hu","<div><a href=""/places/default/iso/PL"">PL </a><a href=""/places/default/iso/MD"">MD </a><a href=""/places/default/iso/HU"">HU </a><a href=""/places/default/iso/SK"">SK </a><a href=""/places/default/iso/BY"">BY </a><a href=""/places/default/iso/RO"">RO </a><a href=""/places/default/iso/RU"">RU </a></div>",6/9/2022 18:28
"""/places/static/images/flags/ae.png""",82880 square kilometres,4975593,AE,United Arab Emirates,Abu Dhabi,"<a href=""/places/default/continent/AS"">AS</a>",.ae,AED,Dirham,971,,,"ar-AE,fa,en,hi,ur","<div><a href=""/places/default/iso/SA"">SA </a><a href=""/places/default/iso/OM"">OM </a></div>",6/9/2022 18:28
"""/places/static/images/flags/gb.png""",244820 square kilometres,62348447,GB,United Kingdom,London,"<a href=""/places/default/continent/EU"">EU</a>",.uk,GBP,Pound,44,@# #@@|@## #@@|@@# #@@|@@## #@@|@#@ #@@|@@#@ #@@|GIR0AA,^(([A-Z]\d{2}[A-Z]{2})|([A-Z]\d{3}[A-Z]{2})|([A-Z]{2}\d{2}[A-Z]{2})|([A-Z]{2}\d{3}[A-Z]{2})|([A-Z]\d[A-Z]\d[A-Z]{2})|([A-Z]{2}\d[A-Z]\d[A-Z]{2})|(GIR0AA))$,"en-GB,cy-GB,gd","<div><a href=""/places/default/iso/IE"">IE </a></div>",6/9/2022 18:28
"""/places/static/images/flags/us.png""",9629091 square kilometres,310232863,US,United States,Washington,"<a href=""/places/default/continent/NA"">NA</a>",.us,USD,Dollar,1,#####-####,^\d{5}(-\d{4})?$,"en-US,es-US,haw,fr","<div><a href=""/places/default/iso/CA"">CA </a><a href=""/places/default/iso/MX"">MX </a><a href=""/places/default/iso/CU"">CU </a></div>",6/9/2022 18:28
"""/places/static/images/flags/um.png""",0 square kilometres,0,UM,United States Minor Outlying Islands,,"<a href=""/places/default/continent/OC"">OC</a>",.um,USD,Dollar,1,,,en-UM,"<div><a href=""/places/default/iso//""> </a></div>",6/9/2022 18:28
"""/places/static/images/flags/uy.png""",176220 square kilometres,3477000,UY,Uruguay,Montevideo,"<a href=""/places/default/continent/SA"">SA</a>",.uy,UYU,Peso,598,#####,^(\d{5})$,es-UY,"<div><a href=""/places/default/iso/BR"">BR </a><a href=""/places/default/iso/AR"">AR </a></div>",6/9/2022 18:28
"""/places/static/images/flags/uz.png""",447400 square kilometres,27865738,UZ,Uzbekistan,Tashkent,"<a href=""/places/default/continent/AS"">AS</a>",.uz,UZS,Som,998,######,^(\d{6})$,"uz,ru,tg","<div><a href=""/places/default/iso/TM"">TM </a><a href=""/places/default/iso/AF"">AF </a><a href=""/places/default/iso/KG"">KG </a><a href=""/places/default/iso/TJ"">TJ </a><a href=""/places/default/iso/KZ"">KZ </a></div>",6/9/2022 18:28
"""/places/static/images/flags/vu.png""",12200 square kilometres,221552,VU,Vanuatu,Port Vila,"<a href=""/places/default/continent/OC"">OC</a>",.vu,VUV,Vatu,678,,,"bi,en-VU,fr-VU","<div><a href=""/places/default/iso//""> </a></div>",6/9/2022 18:28
"""/places/static/images/flags/va.png""",0 square kilometres,921,VA,Vatican,Vatican City,"<a href=""/places/default/continent/EU"">EU</a>",.va,EUR,Euro,379,#####,^(\d{5})$,"la,it,fr","<div><a href=""/places/default/iso/IT"">IT </a></div>",6/9/2022 18:28
"""/places/static/images/flags/ve.png""",912050 square kilometres,27223228,VE,Venezuela,Caracas,"<a href=""/places/default/continent/SA"">SA</a>",.ve,VEF,Bolivar,58,####,^(\d{4})$,es-VE,"<div><a href=""/places/default/iso/GY"">GY </a><a href=""/places/default/iso/BR"">BR </a><a href=""/places/default/iso/CO"">CO </a></div>",6/9/2022 18:28
"""/places/static/images/flags/vn.png""",329560 square kilometres,89571130,VN,Vietnam,Hanoi,"<a href=""/places/default/continent/AS"">AS</a>",.vn,VND,Dong,84,######,^(\d{6})$,"vi,en,fr,zh,km","<div><a href=""/places/default/iso/CN"">CN </a><a href=""/places/default/iso/LA"">LA </a><a href=""/places/default/iso/KH"">KH </a></div>",6/9/2022 18:28
"""/places/static/images/flags/wf.png""",274 square kilometres,16025,WF,Wallis and Futuna,Mata Utu,"<a href=""/places/default/continent/OC"">OC</a>",.wf,XPF,Franc,681,#####,^(986\d{2})$,"wls,fud,fr-WF","<div><a href=""/places/default/iso//""> </a></div>",6/9/2022 18:28
"""/places/static/images/flags/eh.png""",266000 square kilometres,273008,EH,Western Sahara,El-Aaiun,"<a href=""/places/default/continent/AF"">AF</a>",.eh,MAD,Dirham,212,,,"ar,mey","<div><a href=""/places/default/iso/DZ"">DZ </a><a href=""/places/default/iso/MR"">MR </a><a href=""/places/default/iso/MA"">MA </a></div>",6/9/2022 18:28
"""/places/static/images/flags/ye.png""",527970 square kilometres,23495361,YE,Yemen,Sanaa,"<a href=""/places/default/continent/AS"">AS</a>",.ye,YER,Rial,967,,,ar-YE,"<div><a href=""/places/default/iso/SA"">SA </a><a href=""/places/default/iso/OM"">OM </a></div>",6/9/2022 18:28
"""/places/static/images/flags/zm.png""",752614 square kilometres,13460305,ZM,Zambia,Lusaka,"<a href=""/places/default/continent/AF"">AF</a>",.zm,ZMW,Kwacha,260,#####,^(\d{5})$,"en-ZM,bem,loz,lun,lue,ny,toi","<div><a href=""/places/default/iso/ZW"">ZW </a><a href=""/places/default/iso/TZ"">TZ </a><a href=""/places/default/iso/MZ"">MZ </a><a href=""/places/default/iso/CD"">CD </a><a href=""/places/default/iso/NA"">NA </a><a href=""/places/default/iso/MW"">MW </a><a href=""/places/default/iso/AO"">AO </a></div>",6/9/2022 18:28
"""/places/static/images/flags/zw.png""",390580 square kilometres,11651858,ZW,Zimbabwe,Harare,"<a href=""/places/default/continent/AF"">AF</a>",.zw,ZWL,Dollar,263,,,"en-ZW,sn,nr,nd","<div><a href=""/places/default/iso/ZA"">ZA </a><a href=""/places/default/iso/MZ"">MZ </a><a href=""/places/default/iso/BW"">BW </a><a href=""/places/default/iso/ZM"">ZM </a></div>",6/9/2022 18:28
